id,IssuerName,ISIN,CouponRate,Maturity,high,low,last,yield%,change,credit_rating,currency,coupon_prd.
1,Buzzster,UPB042,1.995,01/20/2040,328.153,302.229,304.562,1.999,-22.321,A,INR,S
2,Ntags,LXBC2328,0.827,07/06/2029,270.955,246.677,256.874,0.828,3.281,A,EUR,A
3,Oyoba,TYE047,4.534,12/21/2037,348.781,316.658,318.586,4.555,-9.819,CCB,INR,S
4,Brightdog,QXG483018,0.045,10/12/2047,133.497,127.276,131.631,0.045,2.235,B,EUR,Q
5,Centidel,IPUVL586203,1.836,07/15/2038,326.288,314.901,319.456,1.839,-0.419,BBB,EUR,A
6,Einti,MVL18717,4.125,08/11/2048,441.714,409.601,413.776,4.142,-22.06,AA,USD,A
7,Zoovu,KEVJT991,4.681,02/07/2036,27.139,26.48,26.559,4.703,0.497,C,EUR,S
8,Meezzy,BTUP25396,4.8,05/03/2036,404.714,364.243,379.217,4.823,17.765,A,USD,A
9,Skibox,AVGS633,1.81,08/13/2021,379.138,362.191,369.986,1.813,-0.699,BB,USD,Q
10,Skimia,WOGXL690268,4.723,09/03/2026,241.853,238.854,240.413,4.745,3.774,AAA,EUR,A
11,Skippad,XTR08450,2.69,04/26/2021,185.444,181.457,183.889,2.697,1.009,A,GBP,S
12,Tambee,VJWUG996,4.519,02/18/2036,317.156,312.367,314.091,4.539,15.887,AA,EUR,S
13,Babblestorm,PNT997,2.744,07/21/2046,253.945,235.788,243.414,2.752,-2.509,BBB,GBP,A
14,Tambee,QUTFV94596,2.609,01/09/2034,327.836,318.132,327.06,2.616,-0.049,CCB,INR,A
15,Jaxspan,SRF588,4.022,03/05/2049,137.714,136.419,136.808,4.038,-28.109,A,INR,Q
16,BlogXS,IVYHR68541,4.946,04/14/2032,125.046,120.119,121.4,4.97,-6.06,B,INR,Q
17,Thoughtstorm,TJCH1498,2.51,10/08/2029,53.47,52.604,53.011,2.516,8.81,AA,USD,S
18,Geba,EYHU359489,0.968,06/28/2050,173.596,160.316,167.753,0.969,12.361,C,INR,A
19,Fanoodle,ZCL715175,0.113,04/29/2024,86.354,81.769,81.952,0.113,-5.705,AA,INR,S
20,Skyndu,ZVARE722550,3.4,11/17/2024,107.009,103.895,104.674,3.412,-4.18,BBB,INR,Q
21,Eare,VEOQ198282,0.063,03/02/2049,250.557,240.434,250.152,0.063,-19.505,AA,INR,A
22,Flashdog,WON590230,2.243,03/20/2036,284.045,282.454,283.822,2.248,2.609,BB,INR,S
23,Cogibox,IQJ883878,4.815,09/15/2048,394.778,378.987,379.934,4.838,1.999,B,GBP,S
24,Linktype,ARE41764,3.824,08/29/2047,218.197,208.073,209.591,3.839,9.66,A,GBP,S
25,Skimia,DGXCS522689,1.676,03/24/2036,389.468,373.617,380.274,1.679,15.243,AA,GBP,S
26,Edgeclub,ATQOC282,1.068,01/31/2031,243.738,224.068,228.986,1.069,0.314,BB,EUR,S
27,Twimbo,BDY491992,2.467,07/05/2019,444.135,436.807,438.272,2.473,-10.559,A,USD,Q
28,Rhycero,KSVZY623745,0.719,06/06/2041,367.253,336.734,344.974,0.72,-21.37,A,EUR,S
29,Yata,TCS762515,2.733,12/04/2042,409.486,382.296,383.656,2.74,-33.692,AA,USD,S
30,Roomm,HFKGC509,0.037,01/17/2028,465.871,450.544,459.434,0.037,60.209,AAA,USD,Q
31,Brainverse,KNW02905,2.339,04/28/2039,425.188,408.053,418.334,2.344,-2.75,AAA,USD,Q
32,Muxo,ZUNI868,2.219,10/21/2047,222.895,204.863,214.24,2.224,11.116,BB,GBP,S
33,Latz,ZQSUT060,4.523,05/16/2025,227.401,217.782,222.111,4.543,1.014,BBB,INR,S
34,Zoozzy,AXNBC733883,0.876,12/18/2018,432.988,392.677,428.554,0.877,-16.902,AA,USD,Q
35,Roodel,WZC519816,1.808,10/28/2039,281.607,268.597,279.655,1.811,-52.11,BB,USD,Q
36,Blognation,ROG3979,3.632,11/28/2046,431.834,394.567,426.989,3.645,32.713,AA,GBP,A
37,Eayo,UFEJW538,3.808,08/23/2044,217.055,215.514,216.038,3.823,-1.128,AAA,USD,A
38,Yakitri,JEIQ0564,2.599,12/09/2020,493.08,489.283,490.536,2.606,-0.357,BBB,EUR,A
39,Jaxspan,PKAEN12555,4.62,07/31/2049,51.604,50.814,51.486,4.641,-1.108,AA,GBP,A
40,Devpoint,YPTV315,4.06,12/12/2023,450.706,407.844,422.417,4.076,-227.323,A,INR,A
41,Jatri,SZPW582066,2.634,05/10/2034,167.266,164.724,166.274,2.641,-19.222,AA,EUR,Q
42,Zoomdog,SDR202,4.634,12/21/2027,328.251,321.292,324.772,4.655,-15.1,B,INR,S
43,Blogtags,HKBU87963,3.299,10/18/2034,483.778,454.122,483.481,3.31,7.96,A,INR,Q
44,Skinder,CJZF367384,1.847,03/13/2025,417.58,396.785,396.785,1.85,-1.173,A,USD,Q
45,Aibox,NMYBC5244,3.928,02/21/2041,200.521,195.688,200.376,3.943,-6.18,CCB,EUR,A
46,Photospace,WRKV14614,4.804,02/13/2037,128.439,126.988,128.366,4.827,3.994,BBB,INR,S
47,Meetz,NFAL682203,1.579,03/28/2032,438.606,402.64,407.676,1.581,-26.802,AA,EUR,Q
48,Pixoboo,MXATW108,1.122,02/23/2020,180.864,178.133,178.843,1.123,-12.052,CCC,USD,A
49,Topicshots,CNPQ48249,1.228,12/01/2036,315.635,289.216,304.275,1.23,18.543,B,USD,S
50,Blogspan,QATHD9108,4.547,05/06/2033,282.098,259.897,262.783,4.568,18.845,AA,INR,A
51,Brainverse,XDL9523,4.666,01/01/2040,443.518,427.773,436.905,4.688,1.7,A,GBP,Q
52,Browsetype,NGF142,2.022,11/13/2031,145.735,139.264,144.053,2.026,-0.778,AAA,EUR,A
53,Divanoodle,VEOLR973789,1.975,11/25/2026,461.043,448.226,452.327,1.979,-22.008,CCB,USD,A
54,Oloo,JPC2370,4.919,01/20/2050,415.637,406.244,410.752,4.943,-36.903,AA,EUR,A
55,Blogtags,VBG008,3.905,08/05/2048,469.329,465.293,468.239,3.92,-38.592,AAA,INR,A
56,Fanoodle,IOVGB309,3.571,06/23/2049,253.627,235.163,237.563,3.584,148.564,AA,EUR,S
57,Zoomdog,JBM55688,0.462,04/16/2037,141.309,128.054,130.042,0.462,1.9,A,INR,Q
58,Avavee,KAT883411,0.009,02/19/2029,52.308,48.526,49.056,0.009,-1.331,B,GBP,S
59,Mydo,VGXF84650,4.256,02/06/2038,387.571,351.372,386.485,4.274,6.378,AA,USD,Q
60,Jazzy,LVXWQ577,2.767,08/04/2040,255.765,255.458,255.63,2.775,-0.911,A,INR,Q
61,Katz,SAUY77204,2.069,11/12/2029,474.646,455.897,461.147,2.073,-135.564,CCB,INR,A
62,Chatterbridge,QKNFX769092,1.682,11/15/2046,473.626,462.496,467.504,1.685,54.731,B,EUR,A
63,Divape,GQY8382,3.002,01/06/2027,84.672,77.145,81.134,3.011,6.893,BB,EUR,S
64,Zoonoodle,FYLZV7726,3.993,01/15/2028,206.165,195.279,201.593,4.009,1.8,A,EUR,S
65,Kare,SHPG3446,4.05,07/10/2036,235.831,213.686,225.645,4.066,1,CCC,USD,S
66,Jaxbean,SLOJ5565,0.586,04/15/2048,209.893,200.238,206.514,0.586,0.681,BBB,USD,Q
67,Livepath,NDGJ913906,1.615,07/26/2041,334.387,304.058,321.649,1.618,8.943,AA,GBP,Q
68,Wikizz,CJQUD0500,3.474,08/01/2038,148.979,139.221,144.685,3.486,4.352,BB,GBP,Q
69,Oyoba,JVK157180,3.382,06/23/2047,282.432,281.472,282.403,3.393,22.182,CCB,USD,Q
70,Latz,SMF4535,1.137,02/23/2026,384.372,376.531,383.353,1.138,-46.349,BBB,USD,S
71,Realbuzz,QPH270601,4.329,03/04/2036,413.243,406.135,410.258,4.348,3.544,AAA,GBP,S
72,Skajo,DBC9382,0.257,01/22/2033,297.099,280.729,289.241,0.257,0,BBB,GBP,Q
73,Livetube,YFZSO023,0.947,11/02/2024,120.619,120.486,120.585,0.948,-2.757,B,USD,A
74,Skiba,TCRY672776,4.096,05/28/2029,60.112,56.95,58.752,4.113,-0.017,BB,GBP,Q
75,Devcast,CKQE769,2.693,04/09/2019,206.344,202.155,203.956,2.7,3.989,AA,EUR,Q
76,Realbuzz,QIRW453735,3.846,03/21/2021,38.159,34.77,36.871,3.861,0.227,B,GBP,A
77,Agivu,BCFE150,4.206,01/08/2048,437.566,408.643,424.84,4.224,-214.738,AAA,EUR,Q
78,Cogidoo,NLYGJ972614,1.794,10/20/2044,193.513,181.225,189.581,1.797,-5.11,AA,GBP,Q
79,Browsetype,UOQAV18851,0.844,05/18/2020,100.945,100.016,100.313,0.845,-5.671,BB,GBP,A
80,Feedfish,YUQWK1741,4.479,04/12/2045,173.91,157.928,162.882,4.499,-1.249,AA,GBP,A
81,Cogilith,WOIUP308841,3.059,04/25/2038,34.43,33.397,33.624,3.068,-0.437,BB,USD,Q
82,Browseblab,RUZV47556,2.863,07/02/2043,264.415,263.41,263.702,2.871,-4.2,CCB,GBP,S
83,Wikizz,ZLFGE6651,4.193,10/29/2018,120.748,111.342,113.693,4.211,-1.781,AAA,EUR,S
84,Gabtune,GSYCA117,2.941,09/07/2042,271.53,265.801,271.186,2.95,-10.36,BBB,GBP,A
85,Meemm,SUGA67261,1.386,09/24/2046,118.95,118.795,118.802,1.388,-21.766,AA,INR,A
86,Rhyzio,QWDV973,2.839,11/09/2019,220.903,215.535,216.287,2.847,4.68,BB,GBP,A
87,Pixonyx,WTZB4313,0.667,12/16/2028,264.077,241.551,244.48,0.667,1.891,A,USD,Q
88,Voonyx,SJE272482,2.75,08/21/2043,80.477,78.884,79.664,2.758,-1.352,A,INR,S
89,Realmix,YIUQZ37561,4.629,01/10/2047,438.834,400.48,403.548,4.65,0.179,BB,EUR,Q
90,Bubblebox,GSDQ1918,1.959,02/14/2027,273.267,252.745,256.233,1.963,-2.647,C,USD,S
91,Agivu,MLO575009,0.206,10/13/2044,464.624,427.593,440.924,0.206,56.303,A,EUR,S
92,Vipe,ZMEFK102126,3.205,10/03/2019,477.082,448.362,456.978,3.215,-1.968,AA,EUR,Q
93,Tanoodle,ZXCAG24542,0.322,07/30/2050,202.593,201.256,202.245,0.322,2.316,AAA,INR,S
94,Bubbletube,ZORM4253,3.536,05/15/2047,136.964,135.457,136.648,3.549,-2.16,AA,GBP,Q
95,Feedfire,YHMXJ75558,2.561,05/01/2049,151.128,145.43,149.362,2.568,-0.662,A,USD,S
96,Cogilith,XBZGM656147,0.651,09/14/2044,303.724,288.781,298.793,0.651,2.925,A,EUR,S
97,Twitternation,ZOI90082,0.308,07/16/2040,355.895,339.595,339.921,0.308,-6.404,BBB,USD,A
98,Yacero,TVL697,4.463,06/01/2050,96.571,88.749,88.827,4.483,-1.269,A,EUR,S
99,Livefish,GSQJ85846,0.23,09/19/2020,122.679,110.828,120.546,0.23,-0.776,AAA,GBP,Q
100,Katz,XEVO9856,4.178,03/09/2030,67.651,60.994,66.786,4.195,12.855,A,EUR,Q
101,Roomm,OEW52022,3.99,06/10/2030,243.303,236.734,241.529,4.006,-0.474,AA,INR,A
102,Camimbo,SEBFY539594,3.169,10/26/2029,27.992,26.217,26.679,3.179,0.52,AAA,INR,A
103,Yadel,TDVR9725,0.253,12/17/2026,405.13,399.661,400.153,0.253,16.144,C,GBP,A
104,Vinte,GUF9412,2.093,03/18/2041,351.537,339.901,345.952,2.097,30.375,A,USD,S
105,Skidoo,ZQNE45025,3.284,05/03/2026,420.703,394.073,407.388,3.295,-0.739,C,EUR,A
106,Blogspan,YCZGX6259,0.533,11/20/2023,349.216,341.463,344.875,0.533,-39.897,AAA,EUR,A
107,Vitz,XHL17949,4.486,09/02/2018,474.672,451.176,464.569,4.506,0.266,AA,GBP,A
108,Jayo,HTZ57632,4.367,10/02/2027,340.077,309.946,314.767,4.386,-27.357,A,USD,S
109,Wordpedia,FQS934,3.58,06/13/2037,209.907,205.415,208.155,3.593,13.215,AA,GBP,A
110,Rhyloo,CQHM6973,2.055,08/01/2025,238.824,226.262,235.683,2.059,0.61,CCB,USD,Q
111,Zazio,BAM709,2.531,04/26/2047,144.18,133.266,143.525,2.537,-1.033,BBB,EUR,Q
112,Realblab,KIFLB11149,4.712,04/25/2047,355.609,343.981,355.609,4.734,-38.74,C,INR,Q
113,Feednation,FEO49695,3.107,12/11/2026,327.804,324.067,325.263,3.117,1.618,AAA,GBP,Q
114,Divape,NUYLW2267,2.094,08/11/2031,245.711,231.263,231.263,2.098,4.593,BBB,GBP,Q
115,Voomm,BTVQG727543,2.608,03/08/2035,374.561,361.976,367.891,2.615,4.28,AA,INR,A
116,Bubbletube,JOD9635,2.853,07/07/2045,466.421,457.372,463.344,2.861,-47.746,AA,GBP,Q
117,Yoveo,DGMHO895,1.592,01/23/2027,248.316,226.141,246.986,1.595,9.669,CCB,GBP,Q
118,Meedoo,QTF525184,1.82,05/31/2027,160.521,152.254,153.908,1.823,2.122,AA,GBP,A
119,Ntag,WCPHL22033,2.264,06/24/2049,468.005,463.98,464.302,2.269,2.619,BBB,GBP,S
120,Skidoo,XGM396619,1.567,09/02/2043,53.638,53.386,53.615,1.569,0.225,BBB,INR,S
121,Demivee,NCD5981,1.466,12/12/2034,472.888,441.11,441.11,1.468,0.005,AA,USD,Q
122,Yodo,EMOT0216,3.429,06/12/2039,280.243,259.589,278.591,3.441,-2.045,CCB,EUR,S
123,Edgewire,EZS799897,4.039,08/14/2030,142.112,129.222,137.343,4.055,1.312,AA,GBP,A
124,Twitterworks,QGNED43827,2.302,08/18/2022,52.996,49.297,49.482,2.307,0.659,AA,EUR,Q
125,Livetube,PBG319,2.761,10/10/2018,241.467,233.474,235.233,2.769,-38.267,B,GBP,S
126,Leexo,CMT568169,2.507,02/26/2042,97.187,92.182,97.087,2.513,-2.98,BB,EUR,A
127,Aibox,UHBFV85020,3.399,09/15/2033,354.172,318.826,343.922,3.411,-7.911,AA,INR,A
128,Zoombeat,EYCG6239,4.565,08/15/2028,113.81,107.778,111.639,4.586,-4.527,AA,INR,A
129,Topicware,BFOP058718,0.269,05/30/2031,41.094,40.293,41.022,0.269,0.847,BB,USD,Q
130,Zoonoodle,IEVS773402,4.832,06/17/2038,32.86,32.39,32.54,4.855,-0.852,B,INR,Q
131,Camido,NIBJA948601,0.568,11/11/2037,103.038,96.474,99.1,0.568,1.019,AA,INR,Q
132,Thoughtstorm,JPRVF898859,0.765,05/27/2033,493.482,465.057,471.311,0.766,-3.817,A,EUR,A
133,Edgewire,TYDP431409,1.475,07/18/2050,464.09,423.482,436.071,1.477,1.251,AA,INR,Q
134,Edgeclub,EDUHR85311,2.194,10/11/2021,333.164,325.101,326.956,2.199,13.018,C,GBP,A
135,Eidel,SGJ049,4.171,11/02/2025,338.763,319.081,332.268,4.188,-62.547,AA,GBP,S
136,Zoonder,HJP7705,4.896,07/16/2041,275.889,270.288,273.985,4.92,8.511,AA,INR,Q
137,Meevee,UMY183765,1.229,02/03/2025,320.321,311.993,312.825,1.231,-4.045,AA,GBP,Q
138,Realmix,PQR5402,1.12,09/10/2018,331.183,307.073,309.966,1.121,-13.882,AA,USD,A
139,Skiba,QRNOM68969,0.908,06/07/2019,440.282,436.936,438.642,0.909,-49.143,AAA,USD,Q
140,Meemm,DEK188,3.249,05/22/2026,169.022,167.129,168.587,3.26,0.055,CCB,EUR,Q
141,Riffwire,WMK422,1.959,04/09/2049,120.395,114.917,115.136,1.963,-16.291,B,EUR,S
142,Linktype,HLMPK2923,2.286,12/09/2031,202.827,200.535,200.718,2.291,6.607,CCC,USD,S
143,Oyoloo,EXKUV857,4.914,03/19/2050,394.682,378.658,388.593,4.938,-6.483,AA,EUR,Q
144,Thoughtmix,VOQAL653980,4.789,03/09/2024,88.649,86.734,87.826,4.812,0.816,AA,INR,A
145,Babblestorm,DNTZF166,2.419,03/09/2024,418.521,377.255,383.857,2.425,-43.109,CCB,EUR,A
146,Voonte,BCDPF981934,1.48,02/11/2048,493.42,447.137,451.765,1.482,-7.744,AA,INR,S
147,Youfeed,ENMW03861,3.238,02/10/2037,176.059,166.517,173.196,3.248,-5.293,AA,USD,Q
148,Livetube,FIUNH6820,4.143,03/31/2021,328.295,323.83,327.982,4.16,-4.4,BBB,EUR,A
149,Topiclounge,JBKX249,1.402,04/15/2045,33.216,32.249,32.559,1.404,-0.022,A,EUR,A
150,Skipstorm,SEFUA908,3.991,10/09/2040,383.919,354.357,377.415,4.007,-5.865,AA,INR,Q
151,Kaymbo,FWJH569451,3.418,04/25/2049,483.581,466.946,469.275,3.43,1.834,AAA,INR,S
152,Feedspan,ABX97193,1.92,08/19/2028,295.651,277.173,279.76,1.924,9.414,A,INR,S
153,Yambee,XOTI36179,2.731,09/18/2029,439.596,429.046,435.376,2.738,168.507,CCB,GBP,A
154,Wordware,HSN23952,0.702,01/19/2046,289.861,281.658,287.81,0.702,10.036,AA,GBP,Q
155,Topdrive,ETPNS6475,4.315,04/17/2033,423.651,412.17,418.829,4.334,-16.607,A,INR,Q
156,Oozz,HLKF294,2.652,05/16/2043,253.282,248.343,251.85,2.659,-1.03,AAA,GBP,A
157,Browsezoom,KME759,1.643,05/14/2048,101.302,98.496,98.72,1.646,2.126,AA,GBP,Q
158,Photofeed,NICAZ48342,2.409,07/09/2038,312.111,304.09,310.025,2.415,-13.704,A,INR,S
159,Topiczoom,XSDWK198,4.209,08/10/2035,69.572,68.229,68.525,4.227,1.87,BBB,USD,Q
160,Podcat,REWF153024,4.479,08/25/2047,462.44,419.479,428.501,4.499,-15.963,A,GBP,Q
161,Vinder,VEF0828,4.143,03/09/2037,252.024,242.296,243.171,4.16,8.042,AA,EUR,A
162,Abatz,CXFL339,0.717,04/18/2028,429.11,402.934,420.996,0.718,43.906,BBB,INR,A
163,Jazzy,MONL4131,2.048,02/10/2028,84.789,78.014,78.895,2.052,0.968,C,INR,Q
164,Reallinks,BNHO5475,0.486,08/05/2032,246.261,245.842,246.186,0.486,-4.146,BB,GBP,S
165,Quatz,EFH540841,0.219,02/18/2019,308.327,285.11,306.005,0.219,-33.667,BBB,GBP,Q
166,Topdrive,WJL82131,4.773,04/23/2027,255.653,235.15,248.067,4.796,-52.179,B,GBP,S
167,Aibox,MBYDC907,3.569,10/17/2040,354.765,328.051,352.361,3.582,0,CCC,INR,A
168,Blogtags,VIFWJ027052,4.217,01/15/2031,465.988,435.699,439.939,4.235,25.268,AAA,USD,S
169,Jayo,YIXZL21566,3.172,02/25/2021,395.287,377.855,385.351,3.182,-9.463,BBB,EUR,A
170,Meevee,ZEY171330,0.687,06/09/2047,499.863,465.322,470.504,0.687,10.623,AA,USD,A
171,Photospace,PTCM2848,0.3,09/13/2018,499.753,451.177,490.524,0.3,-21.239,BBB,EUR,A
172,Zoomdog,OXUCL96996,0.138,07/21/2033,162.32,150.438,154.003,0.138,-3.76,AAA,EUR,S
173,Eamia,IJQY156273,3.265,10/07/2020,217.961,216.522,217.285,3.276,-32.987,A,INR,A
174,Jabberstorm,XHWY48336,4.511,09/03/2045,326.417,317.277,319.562,4.531,8.994,A,EUR,Q
175,Jatri,QCYPD363749,2.471,01/03/2020,373.019,352.54,356.841,2.477,-1.938,AAA,EUR,Q
176,Flashdog,GRM7764,4.044,08/11/2049,327.823,310.186,325.354,4.06,-32.984,BB,INR,S
177,Realblab,DYLH1872,1.261,09/16/2049,85.157,79.009,83.62,1.263,2.476,AA,GBP,Q
178,Blogspan,FPGAT85110,4.473,08/20/2024,371.381,355.003,358.77,4.493,-0.134,B,INR,S
179,Thoughtbeat,LCRPT74176,3.743,12/28/2040,127.841,115.632,117.341,3.757,7.884,CCB,EUR,Q
180,Feedspan,PKSQB352,3.475,09/16/2038,230.26,220.428,222.099,3.487,-16.37,A,GBP,A
181,Ooba,LQSC64774,0.541,02/17/2020,220.531,207.52,212.204,0.541,-11.197,AA,INR,A
182,Skyvu,WNBCD9522,3.752,08/07/2036,447.914,435.462,436.956,3.766,22.613,CC,INR,A
183,Eayo,DOQXI634634,4.545,12/12/2041,352.113,327.712,343.084,4.566,5.91,A,EUR,A
184,Fliptune,ATX801782,1.035,12/18/2025,246.112,236.169,241.141,1.036,-0.322,AAA,GBP,A
185,Fivebridge,BKFPY9536,4.962,05/28/2028,293.427,270.246,271.869,4.987,1.025,AAA,USD,Q
186,Rhyloo,TFW2890,3.132,06/06/2045,333.301,325.635,329.621,3.142,0.909,A,GBP,Q
187,Blogpad,QBJ5879,3.868,05/15/2027,492.984,450.489,485.76,3.883,18.479,AA,GBP,Q
188,Jatri,KYTP780426,0.061,10/21/2029,146.192,144.262,144.841,0.061,32.324,AA,USD,A
189,Browseblab,LJTG3720,0.177,09/24/2032,74.078,70.233,73.04,0.177,-6.075,BB,INR,S
190,Gabcube,RAU955,0.711,08/28/2023,246.827,246.087,246.398,0.712,13.599,BBB,GBP,Q
191,Katz,EQZ354,0.648,05/24/2021,199.545,189.288,190.109,0.648,0.543,B,EUR,S
192,Yodo,ZDQYF81471,0.78,07/11/2030,126.892,120.459,120.973,0.781,10.298,B,USD,S
193,Kare,ORY2685,0.784,04/11/2032,145.034,135.636,141.557,0.785,-14.93,CCC,USD,Q
194,Brainsphere,OLHX9804,3.371,06/16/2050,464.476,426.435,434.044,3.382,-3.376,BBB,GBP,S
195,Fanoodle,JZPDK5070,3.117,03/17/2037,21.109,20.44,20.667,3.127,-0.919,B,INR,Q
196,Meedoo,RWPA026971,4.329,02/04/2050,100.344,90.811,94.434,4.348,-1.254,A,EUR,A
197,Zoonoodle,VDK079918,2.303,03/15/2034,180.639,170.939,176.08,2.308,-3.333,BBB,GBP,A
198,Jabbersphere,FHR21838,3.712,11/21/2018,362.311,328.109,362.311,3.726,4.227,B,INR,Q
199,Jetpulse,CKR15210,2.938,06/13/2036,346.955,345.186,345.911,2.947,-2.378,AA,INR,Q
200,Trilia,GJC9618,3.151,06/11/2032,462.048,441.441,444.738,3.161,24.359,AA,INR,Q
201,Yakitri,ULSEG45628,3.885,09/04/2036,302.954,298.379,299.798,3.9,-2.641,CC,GBP,A
202,Camido,QGJ371,2.939,10/20/2038,260.267,246.603,253.298,2.948,-1.417,C,INR,S
203,Skilith,EQJ124,0.927,12/16/2030,65.326,59.688,60.083,0.928,4.137,BBB,USD,S
204,Trupe,OGXA8548,1.475,12/22/2021,161.696,149.132,156.922,1.477,0.395,BB,EUR,Q
205,Avamba,IEXF3457,1.011,07/01/2020,338.428,329.697,329.959,1.012,-4.069,CC,GBP,A
206,Devbug,VYS60165,0.082,08/24/2044,258.238,243.828,255.068,0.082,1.479,AA,GBP,A
207,Blogtag,UPJ57038,4.944,11/01/2032,158.579,145.782,157.171,4.968,0.12,A,INR,S
208,Meetz,FYWSD80001,1.361,06/27/2042,280.089,273.563,278.784,1.363,0.806,B,EUR,Q
209,Talane,EIMBA120,2.304,12/15/2031,201.886,188.259,198.479,2.309,18.899,AA,GBP,A
210,Oyondu,AVZTK34777,3.744,04/20/2024,182.756,168.739,181.354,3.758,0.146,C,GBP,A
211,Oyoloo,ZBOA251,3.036,10/20/2044,41.283,38.587,39.234,3.045,1.589,B,USD,A
212,Babbleopia,OTF0975,2.673,03/12/2026,457.653,419.119,439.156,2.68,-16.856,A,GBP,Q
213,Zoomlounge,BKXNP86589,1.681,09/16/2022,63.588,59.251,61.94,1.684,-2.674,BBB,USD,A
214,Quinu,PDQMR71107,4.408,01/29/2024,27.231,24.647,26.559,4.427,2.085,BB,USD,S
215,Lazzy,LPY189581,0.505,10/13/2036,45.489,42.355,44.329,0.505,4.323,BB,INR,Q
216,Chatterpoint,IWR373691,1.132,11/13/2020,184.378,181.705,182.293,1.133,27.966,AAA,GBP,S
217,Brightdog,ZVP374597,4.178,10/08/2023,176.12,162.77,168.778,4.195,7.497,B,INR,A
218,Photobean,EIOY4906,1.539,11/18/2027,104.422,102.689,102.758,1.541,20.932,AA,EUR,Q
219,Vinder,WMFP5604,1.888,05/27/2033,52.809,50.475,52.436,1.892,-1.748,A,INR,Q
220,Tazz,SVW611606,4.196,09/15/2034,29.35,28.657,28.671,4.214,0.478,AA,INR,Q
221,Camimbo,NSG701,4.734,05/14/2026,386.813,359.272,366.157,4.756,-6.176,C,USD,A
222,Myworks,MEDBC41245,1.709,07/11/2035,450.839,448.314,450.309,1.712,-0.62,CCB,EUR,A
223,Realcube,OYXG886513,2.421,02/10/2033,154.579,139.446,145.65,2.427,1.116,C,INR,Q
224,Izio,WZC194012,2.077,10/24/2037,216.711,195.647,212.709,2.081,-4.03,AA,USD,Q
225,Skilith,CPIU865055,0.683,10/08/2038,408.001,407.348,407.949,0.683,20.583,BB,GBP,Q
226,Vimbo,NZALT0573,0.793,01/03/2049,45.322,45.154,45.29,0.794,0.346,CCB,INR,Q
227,Jaxworks,UCIR6919,4.232,03/04/2036,209.263,199.574,202.965,4.25,15.502,C,GBP,S
228,Lazzy,FMB203576,2.904,09/05/2018,366.312,341.366,343.861,2.912,-0.39,AA,GBP,S
229,Dazzlesphere,PLNEC24745,3.184,07/19/2045,201.441,188.327,195.933,3.194,-1.304,C,EUR,S
230,Roomm,UZTKB537815,2.183,10/07/2048,259.826,245.328,247.068,2.188,-13.584,AAA,INR,Q
231,Brainlounge,SZJEV566443,3.967,11/16/2033,483.795,474.022,479.495,3.983,-26.092,BB,INR,S
232,Bubblemix,THPO70986,1.44,08/12/2030,420.68,406.713,420.261,1.442,-6.903,AAA,USD,Q
233,Fadeo,WMJF026,1.046,09/17/2047,166.796,162.876,164.248,1.047,-0.325,BBB,EUR,Q
234,Bluejam,HYAN6093,3.481,02/09/2041,31.21,29.877,30.637,3.493,0.111,B,INR,S
235,Gabspot,FVKHC96323,2.241,10/29/2033,46.349,45.987,46.147,2.246,0.936,BBB,USD,Q
236,Bubblebox,WTNXA07832,0.83,02/11/2043,411.463,376.283,377.338,0.831,-15.391,AAA,USD,S
237,Jayo,UISKG9000,4.634,05/23/2035,386.296,351.066,353.884,4.655,-1.276,BBB,EUR,Q
238,Topiclounge,VYBI15640,2.234,07/02/2045,420.393,395.211,419.134,2.239,-0.99,B,INR,A
239,Eabox,EKL23486,3.882,09/29/2025,469.584,426.899,436.29,3.897,-39.449,AAA,GBP,A
240,Roodel,CDOAV5269,0.272,07/15/2037,133.32,126.414,127.036,0.272,-3.585,AA,EUR,A
241,Avaveo,NCI719,3.082,12/02/2044,345.424,344.319,345.026,3.091,-5.934,A,EUR,Q
242,Thoughtbridge,SVT2259,0.152,08/10/2046,213.472,195.007,207.194,0.152,0.102,AA,GBP,A
243,Topiczoom,UMSB3409,3.976,09/28/2038,131.779,122.884,123.151,3.992,4.822,BB,USD,S
244,Eayo,WOHS0130,2.235,02/03/2032,482.647,475.6,479.406,2.24,11.644,C,INR,S
245,Topicblab,ZHNUS400,3.859,06/11/2032,384.709,365.666,381.662,3.874,-10.546,C,INR,Q
246,Thoughtstorm,PSOK129,2.868,01/21/2032,352.84,328.917,343.271,2.876,-135.738,BBB,EUR,Q
247,Tagfeed,DETK4836,4.315,04/18/2044,52.727,52.701,52.727,4.334,0.916,BB,INR,S
248,Skibox,XHIZ221,2.024,10/05/2036,418.862,417.187,417.538,2.028,39.513,AAA,EUR,S
249,Innotype,LWTUE151038,3.51,08/14/2031,374.545,363.346,372.081,3.522,-25.307,A,GBP,Q
250,Tagopia,LQMP407,3.075,12/01/2022,397.354,379.314,381.84,3.084,-6.828,A,USD,A
251,Twitterbridge,XSCL85588,1.989,09/19/2022,409.802,381.444,385.697,1.993,22.527,CCB,USD,A
252,Eidel,SFYM89982,1.987,01/19/2035,303.798,276.912,281.214,1.991,3.152,A,INR,A
253,Mita,RVK39750,3.305,05/21/2035,412.119,409.894,410.561,3.316,-149.634,BB,GBP,S
254,Ooba,ANIX6885,0.121,11/22/2035,77.227,77.08,77.215,0.121,0.427,AAA,INR,Q
255,Centizu,BNJ9681,3.806,04/02/2040,146.024,135.35,145.063,3.82,0.155,B,INR,Q
256,Vitz,GMI036387,4.643,06/16/2022,403.211,392.687,399.212,4.665,-8.323,BB,GBP,A
257,Myworks,GNHD640,2.524,07/02/2040,329.052,312.764,322.211,2.53,-14.659,AAA,USD,A
258,Kayveo,RYTI8421,1.726,01/01/2029,370.821,348.016,360.787,1.729,24.168,C,INR,A
259,Gabtune,HKTU383562,4.81,07/06/2025,321.899,294.023,317.996,4.833,6.195,AA,USD,S
260,Mycat,SPE39509,4.837,03/30/2034,40.758,39.829,39.95,4.86,4.48,BB,GBP,Q
261,Oyonder,EPKJB313113,1.251,10/25/2023,55.274,51.128,53.284,1.253,-2.584,CCC,USD,S
262,Meejo,FWPT82651,4.228,03/30/2023,420.106,391.581,413.545,4.246,1.911,CC,USD,S
263,Photospace,LGVDK105,1.941,01/31/2021,87.155,84.793,85.289,1.945,-0.721,BB,INR,A
264,Devpoint,PHK76249,1.468,08/19/2045,86.136,84.56,85.364,1.47,-0.612,AA,USD,S
265,Kazu,CWTR415620,0.442,06/11/2045,305.484,290.21,291.279,0.442,33.705,CCC,USD,Q
266,Omba,IFAGL693780,2.851,02/19/2046,53.178,48.945,52.204,2.859,-2.257,BB,INR,A
267,Aibox,NDHQ271116,4.518,08/13/2030,145.358,133.032,134.018,4.538,0.184,A,GBP,Q
268,Youspan,EWJ16048,3.575,07/19/2041,166.37,165.754,166.241,3.588,28.974,A,INR,Q
269,Buzzbean,PURID048015,1.735,07/29/2031,192.554,173.953,185.3,1.738,2.049,AAA,GBP,Q
270,InnoZ,UKGX94498,1.74,03/26/2028,464.592,418.551,437.428,1.743,52.066,A,INR,S
271,Wordpedia,RZCJQ59201,4.017,09/09/2029,476.249,449.103,467.562,4.033,-25.25,AA,USD,S
272,Skinte,IRD588003,4.788,04/24/2040,389.128,385.743,388.451,4.811,123.119,AA,GBP,A
273,Gabtune,NSJRF215331,2.467,06/29/2028,120.308,117.842,119.839,2.473,1.567,B,INR,Q
274,Photofeed,VHQAG19085,1.629,01/14/2024,444.614,437.545,440.09,1.632,23.23,BBB,EUR,A
275,Skiptube,BZS877,1.602,04/09/2049,313.444,284.889,306.02,1.605,35.572,B,USD,S
276,Podcat,NKQ024,2.661,01/20/2022,352.551,335.911,341.236,2.668,6.955,A,INR,A
277,Devpoint,JYM04979,1.319,12/27/2025,407.838,400.13,400.438,1.321,0.156,B,GBP,S
278,Centidel,SQPZK52424,0.129,09/17/2028,107.621,107.234,107.613,0.129,-21.12,B,USD,A
279,Dabshots,FJUC2354,4.889,09/03/2029,25.189,23.537,24.363,4.913,-0.328,B,INR,A
280,Npath,HUXY23732,1.189,04/19/2030,491.925,478.151,486.14,1.19,100.374,AA,INR,Q
281,Yabox,MSEA955,4.562,08/07/2021,27.198,25.604,25.843,4.583,-1.549,BB,EUR,A
282,Devpulse,HMC734,1.498,03/29/2029,182.567,172.179,174.776,1.5,3.273,BBB,EUR,S
283,Trunyx,NZAIU264,1.429,09/03/2034,307.234,289.998,298.788,1.431,44.661,CC,USD,A
284,Yadel,HTG1430,0.848,05/05/2028,92.094,88.106,88.306,0.849,0.454,BBB,USD,Q
285,Browsebug,JPK082,0.356,07/12/2033,398.593,375.714,377.544,0.356,14.877,AA,EUR,S
286,LiveZ,BAEFO44697,1.267,06/19/2033,52.184,52.022,52.032,1.269,2.721,BBB,USD,A
287,Realmix,FLJ18977,4.603,01/21/2027,496.621,493.294,496.055,4.624,-37.868,BBB,INR,A
288,Myworks,DKCOV4141,4.553,08/15/2023,102.601,92.864,99.777,4.574,-1.668,B,USD,S
289,Meevee,ZDJWR8707,2.575,08/09/2045,283.067,281.425,282.492,2.582,14.389,BB,EUR,A
290,Aimbo,MGF288680,0.252,10/31/2044,161.143,146.141,149.141,0.252,18.817,BBB,EUR,Q
291,Agivu,FBLR83963,1.005,05/13/2020,258.09,254.735,255.372,1.006,1.724,CC,INR,S
292,Yata,EPUYD902821,2.839,06/08/2044,481.005,470.182,477.434,2.847,-10.413,A,INR,S
293,Buzzster,FWX6552,3.402,10/31/2047,224.784,208.285,211.09,3.414,4.476,AAA,INR,Q
294,Twimbo,LWYJB12762,3.634,10/03/2021,54.425,50.512,54.073,3.647,-0.857,A,USD,A
295,Twimbo,ZMTSL038261,4.097,01/28/2044,211.634,196.989,200.797,4.114,50.648,AA,GBP,A
296,Gevee,INR270,2.772,03/19/2048,301.853,279.938,290.019,2.78,-36.199,AA,GBP,S
297,Meevee,CYZ893246,0.014,07/27/2021,197.081,193.218,196.811,0.014,-0.208,CCB,INR,Q
298,Eimbee,GAR90830,2.602,12/15/2024,465.734,445.381,459.425,2.609,17.502,AAA,USD,S
299,Skibox,KOCQG972,1.319,02/10/2025,178.964,167.26,178.847,1.321,7.328,BB,GBP,A
300,Innojam,BTMPV0490,3.102,08/19/2021,214.524,201.009,211.551,3.112,-2.49,CCB,EUR,Q
301,Twitterbeat,OJE9993,4.358,03/21/2027,180.305,180.251,180.302,4.377,12.002,BB,EUR,Q
302,Zoomzone,GMUJB472,2.539,02/27/2033,312.093,283.256,292.484,2.545,19.352,AA,INR,S
303,Mydo,IDHXO241578,0.498,08/14/2048,157.777,144.555,156.984,0.498,-1.212,CCB,EUR,S
304,Youfeed,KBLZ081,2.513,03/13/2050,135.985,127.364,132.019,2.519,-16.163,AA,USD,A
305,Topicblab,KOI571296,1.578,08/01/2026,347.183,324.304,343.751,1.58,37.74,AAA,EUR,Q
306,Zoombeat,JCK8330,1.847,10/20/2049,176.052,161.334,168.399,1.85,19.119,AA,EUR,S
307,Devify,EGY93023,1.922,03/12/2021,459.861,425.877,454.084,1.926,1.455,CCB,INR,Q
308,Dynava,WNH384430,0.491,06/03/2032,272.286,258.29,266.408,0.491,-13.702,C,EUR,S
309,Teklist,OFENC99329,2.447,04/02/2037,293.63,275.777,288.274,2.453,12.528,A,USD,S
310,Oodoo,EXQ730683,0.478,08/03/2026,62.189,57.17,59.529,0.478,4.757,B,USD,S
311,Dynazzy,PAUBK948,1.34,12/19/2025,85.986,83.406,83.432,1.342,-8.037,A,INR,Q
312,Oyonder,WKPM0495,2.164,11/28/2024,179.261,175.066,175.695,2.169,-1.401,AA,USD,S
313,Talane,EXIUZ7428,3.451,11/24/2047,18.638,18.191,18.553,3.463,1.476,BBB,INR,A
314,Yozio,AND4495,4.344,02/15/2033,457.226,430.158,432.594,4.363,-0.162,BB,USD,A
315,Buzzdog,QPDI144,0.781,10/17/2043,450.005,442.76,447.759,0.782,3.083,B,INR,S
316,Flipbug,ILX39770,0.583,04/22/2040,173.17,171.196,171.295,0.583,-3.54,A,GBP,A
317,Feedbug,FLA97653,4.68,07/04/2021,240.802,229.075,239.16,4.702,8.65,A,GBP,S
318,Thoughtbridge,UWD61982,2.458,03/30/2021,23.429,21.794,22.546,2.464,-0.127,A,INR,A
319,Twimm,CHLD28260,2.604,01/21/2039,26.264,24.024,24.472,2.611,0.228,CCB,GBP,A
320,Yakijo,FUONS11988,3.486,12/11/2048,370.134,344.447,352.924,3.498,-14.033,A,USD,Q
321,Skinder,VIS750,2.967,01/10/2022,166.556,164.741,165.975,2.976,27.831,A,INR,A
322,Tanoodle,JSPD43449,2.81,11/13/2030,427.476,392.508,413.489,2.818,-0.339,A,USD,Q
323,Digitube,DKCBE106,4.847,01/05/2032,177.743,174.97,175.164,4.87,27.795,BBB,GBP,Q
324,Vitz,LNAK290359,4.589,12/23/2024,137.024,136.243,136.805,4.61,5.195,A,EUR,S
325,Blogpad,JMQ261,4.293,04/07/2032,116.091,104.865,114.407,4.311,11.442,CC,USD,S
326,Kazio,EPW837210,1.933,08/01/2041,137.234,126.928,127.752,1.937,-1.304,AA,USD,Q
327,Voonte,SXT93441,4.132,07/04/2022,232.013,225.609,227.274,4.149,-0.661,A,INR,A
328,Quamba,EZR404902,4.095,09/02/2047,137.513,125.838,133.077,4.112,-0.722,BB,EUR,S
329,Wikivu,MJQ677,3.035,02/16/2032,211.736,197.592,206.361,3.044,47.537,AA,EUR,A
330,Trilia,BFNY595184,0.839,04/10/2046,226.478,220.159,224.14,0.84,6.563,AAA,USD,S
331,Innotype,DJFX242703,3.007,03/07/2022,350.477,349.566,349.63,3.016,-30.56,BB,EUR,A
332,Oyonder,JDE87444,2.31,07/01/2028,166.796,166.446,166.568,2.315,-4.238,BB,INR,A
333,Skinix,HATU309896,1.75,07/19/2049,348.989,348.919,348.983,1.753,-0.38,AAA,USD,Q
334,Dabjam,JVYKM1485,0.791,11/16/2020,186.187,175.947,186.085,0.792,10.897,AA,EUR,Q
335,Quinu,AXQS777832,4.668,02/08/2036,257.133,235.2,249.456,4.69,37.936,AAA,USD,A
336,Meetz,CROJH84185,2.12,04/13/2022,379.991,360.459,365.342,2.124,64.487,CC,INR,A
337,Flashspan,BRCM298595,2.144,08/26/2022,430.236,419.48,428.3,2.149,-4.118,AAA,EUR,Q
338,Skyndu,DFON0983,4.771,09/04/2043,257.099,248.743,253.172,4.794,1.906,AA,USD,Q
339,Devpoint,NHZMT1031,1.778,09/20/2029,159.579,157.584,158.382,1.781,-1.605,CCB,EUR,S
340,Chatterbridge,VCSU312,3.162,03/21/2048,43.637,42.114,42.647,3.172,-2.585,BBB,GBP,Q
341,Zoombox,FMCTS468,1.971,01/29/2047,39.858,37.494,37.896,1.975,-2.313,AA,EUR,A
342,Rhynyx,ZTKW45872,2.879,05/24/2044,32.348,31.594,31.79,2.887,0,CCB,USD,Q
343,Gabtune,GOHF422506,2.719,07/04/2031,37.315,34.871,36.02,2.726,-0.429,BBB,GBP,Q
344,Fadeo,FOWA39223,4.997,07/30/2026,351.093,321.285,326.949,5.022,-7.073,BBB,USD,A
345,Brightbean,BJMXL12126,2.994,03/30/2039,480.899,469.79,472.123,3.003,-76.963,AA,GBP,A
346,Kazio,ONEQH022,0.587,04/30/2023,370.904,347.723,355.141,0.587,5.939,A,INR,S
347,Kwideo,JTE33096,2.575,10/15/2030,471.853,458.735,468.18,2.582,80.761,BBB,GBP,A
348,Gigabox,FBQ833,2.432,01/21/2024,482.609,457.513,481.354,2.438,-19.975,AA,EUR,A
349,Tekfly,PJQ1976,1.253,09/13/2021,351.047,335.776,350.436,1.255,229.584,B,GBP,Q
350,Photobug,ZIQJ812059,0.362,10/27/2037,25.72,25.543,25.697,0.362,0,A,EUR,Q
351,Dabjam,PNCF18918,1.689,08/17/2025,265.594,258.476,261.394,1.692,35.938,B,INR,S
352,Gabtype,ITWMA661,1.535,03/07/2022,360.972,358.987,360.575,1.537,-11.833,BB,EUR,A
353,Jamia,IUA535,1.163,03/05/2020,181.077,177.944,181.046,1.164,2.141,BBB,GBP,Q
354,Tagcat,ELSKG109188,0.278,07/16/2043,136.747,135.913,136.589,0.278,9.51,BB,GBP,Q
355,Jabberstorm,NPAK87687,2.048,12/30/2027,363.677,350.985,360.504,2.052,-6.704,A,EUR,Q
356,Kayveo,ZKCJX940449,4.998,01/13/2022,481.255,454.834,477.292,5.023,-8.295,CCB,GBP,Q
357,Yambee,UTLVI49254,2.44,01/17/2024,227.102,225.104,225.683,2.446,6.467,AA,GBP,A
358,Gigazoom,YFU7169,2.552,07/05/2045,252.552,241.465,241.687,2.559,14.847,A,EUR,S
359,Jayo,DJEP13934,2.078,09/17/2018,49.722,45.67,47.129,2.082,3.431,AA,GBP,S
360,Tagtune,WHRY550444,0.27,01/22/2041,404.166,375.066,389.325,0.27,2.858,AA,EUR,S
361,Twinte,UBHFI9354,3.233,10/06/2025,400.545,377.153,388.615,3.243,36.701,BBB,USD,Q
362,Abatz,CIHW992071,1.298,05/16/2028,491.078,489.85,490.955,1.3,-28.73,C,USD,A
363,Livepath,OZR97593,1.097,10/25/2033,55.666,54.681,55.489,1.098,-4.615,C,USD,S
364,Eare,KALCG4894,4.622,02/11/2020,432.898,408.569,413.192,4.643,37.046,AA,GBP,S
365,Roodel,FULBX527991,3.005,01/13/2045,32.144,30.244,31.821,3.014,0.972,AA,EUR,Q
366,Zooxo,VTBA4834,2.49,02/12/2031,295.129,293.122,293.182,2.496,71.831,CCB,INR,A
367,Trunyx,DFZS038533,4.962,03/26/2047,113.634,106.68,111.687,4.987,7.999,AA,GBP,Q
368,Gabvine,XFUVE731,3.994,10/18/2035,437.692,417.339,419.375,4.01,-1.061,BBB,GBP,A
369,Aibox,NPRO9099,1.686,09/30/2047,174.119,169.278,173.732,1.689,-5.642,AA,USD,Q
370,Innojam,CBK23283,0.453,04/16/2046,218.319,211.049,211.194,0.453,-1.526,AA,EUR,S
371,Skyble,FKHUM07498,2.446,09/08/2045,345.415,314.431,334.261,2.452,32.441,CCC,INR,Q
372,Devcast,JWQ01894,2.274,06/16/2027,102.912,100.061,102.427,2.279,-7.397,AA,EUR,Q
373,Bubblemix,KFLA979260,0.218,07/26/2049,257.247,239.574,242.225,0.218,-8.964,C,GBP,S
374,Oozz,MDUQJ212796,4.573,08/11/2030,476.15,444.867,453.626,4.594,-27.707,A,USD,A
375,Jabbersphere,IFRJY103,1.962,04/11/2047,300.871,281.886,290.999,1.966,-0.962,A,USD,Q
376,Eimbee,SNPDK61370,1.157,11/27/2019,88.493,81.891,86.843,1.158,1.494,CCB,INR,S
377,Riffwire,KGMR5106,4.148,04/05/2021,134.931,126.633,130.284,4.165,0.406,BBB,EUR,A
378,Skiptube,ODZSN3092,3.676,08/26/2033,375.344,359.992,367.975,3.69,19.493,CCC,INR,Q
379,Riffpath,LDFK80855,2.741,05/27/2031,26.81,25.4,25.583,2.749,-1.524,A,INR,Q
380,Centidel,AOT251,4.036,02/06/2050,203.991,193.465,193.57,4.052,20.666,BB,INR,S
381,Bubblebox,LOKQ845,1.715,07/27/2026,170.39,156.384,165.068,1.718,8.001,BB,USD,Q
382,Photobug,UIGYL55478,3.782,08/03/2036,110.229,99.526,100.275,3.796,18.891,BB,INR,A
383,Topdrive,JYN190,0.581,03/19/2022,463.346,447.268,457.397,0.581,-11.554,A,GBP,Q
384,Rooxo,TDVPB08557,1.461,10/11/2018,417.504,411.868,416.151,1.463,10.879,AAA,GBP,S
385,Blogspan,SADQ558,0.472,12/12/2028,221.528,204.936,211.075,0.472,4.508,BBB,GBP,S
386,Chatterpoint,GSUJL0483,0.523,07/19/2042,70.43,66.338,66.788,0.523,-1.295,AAA,INR,S
387,Meejo,YIV2177,1.514,10/08/2031,137.816,131.559,137.19,1.516,7.629,B,INR,A
388,Tagtune,QHIFN673,4.377,07/17/2024,178.699,173.32,173.804,4.396,-0.547,A,EUR,S
389,Vipe,JVYC067905,1.377,03/21/2033,309.006,285.676,305.973,1.379,66.299,AA,USD,S
390,Feedfish,KFMVX964,4.445,04/02/2039,270.625,245.998,252.401,4.465,-9.395,AA,USD,S
391,Meeveo,FIED2732,4.925,05/02/2040,189.94,178.088,181.762,4.949,4.812,CCC,INR,Q
392,Voolia,YHPT890,0.601,11/27/2040,247.845,235.453,236.568,0.601,41.334,B,USD,S
393,Miboo,NIBUH786260,0.779,03/17/2036,338.281,326.746,333.551,0.78,106.96,AAA,EUR,Q
394,Einti,JOK301434,2.181,07/22/2025,222.67,211.848,219.099,2.186,-30.263,AA,GBP,Q
395,Quinu,YRAWH5082,4.146,03/14/2033,324.634,314.57,317.891,4.163,1.087,CCB,GBP,S
396,Pixonyx,VJGU0192,2.201,03/12/2027,217.157,201.804,216.696,2.206,1.095,CC,USD,A
397,Gabspot,MKBAQ247,2.115,10/24/2038,191.093,186.621,190.914,2.119,-14.192,B,INR,S
398,Pixonyx,KJEIH3647,4.772,11/01/2036,399.381,398.103,398.716,4.795,2.964,B,EUR,S
399,Feednation,XAN9072,3.522,02/16/2032,182.274,178.647,182.274,3.534,-14.235,AA,EUR,A
400,Camimbo,BLY018,4.996,10/17/2035,100.197,93.354,97.939,5.021,0.258,CCB,INR,A
401,Mymm,PYI572,0.437,01/27/2027,42.174,39.935,42.129,0.437,1.665,CC,EUR,A
402,Innotype,BIXUD85547,2.276,11/29/2049,30.105,27.657,27.706,2.281,3.067,AA,EUR,A
403,Photojam,BWAK7005,2.434,01/13/2041,17.451,16.985,17.185,2.44,-0.604,A,USD,A
404,Flashspan,ALI990,1.045,06/20/2019,239.99,223.647,233.78,1.046,-7.777,BBB,GBP,A
405,Centimia,JVBS437,3.626,05/16/2037,251.37,232.115,245.594,3.639,-0.872,B,INR,A
406,Flipstorm,PENJ905233,1.609,01/26/2046,405.381,389.652,390.281,1.612,-27.424,AA,USD,S
407,Devcast,YTZP558382,2.786,03/14/2029,323.727,320.328,322.707,2.794,31.491,CCB,GBP,A
408,Skajo,KIQGF041497,0.09,11/07/2042,353.288,346.682,349.588,0.09,6.945,A,USD,A
409,Divavu,HKP0172,3.347,09/21/2018,375.078,346.422,373.072,3.358,0.557,A,EUR,A
410,Avaveo,JHAT02857,2.972,02/23/2026,162.154,156.025,159.457,2.981,0.341,AA,INR,A
411,Twiyo,CXEB158203,0.136,02/04/2042,471.804,467.982,471.116,0.136,-21.612,CCC,USD,A
412,Abatz,OWRU648845,4.949,12/16/2038,348.43,316.096,324.179,4.973,-3.944,AAA,USD,S
413,Zooveo,MEC7589,1.221,07/21/2032,326.752,324.89,325.094,1.222,8.249,A,GBP,S
414,Zoonder,EFWJC26219,1.912,02/01/2021,211.237,200.02,207.199,1.916,-22.268,A,GBP,Q
415,Eabox,SKJBM647,3.999,10/07/2033,183.892,178.449,181.279,4.015,-4.386,A,USD,A
416,Rhynyx,DPSBE0144,4.26,10/13/2037,87.091,79.314,80.791,4.278,-8.953,C,INR,S
417,Roodel,YOWL66154,3.171,07/15/2044,190.01,179.103,189.137,3.181,12.427,AA,GBP,S
418,Livefish,UOIEY983,1.757,05/01/2028,238.345,233.149,233.617,1.76,-31.735,BBB,EUR,A
419,Edgepulse,OQT115,4.207,01/25/2037,170.488,159.867,170.488,4.225,-5.816,AA,USD,S
420,Roomm,SADF75967,4.8,12/23/2036,363.868,361.721,363.847,4.823,1.576,AA,EUR,Q
421,Shufflebeat,VYRFS955668,2.529,02/02/2046,114.916,114.583,114.653,2.535,2.76,AA,USD,Q
422,Twitternation,SLQ5724,0.635,05/31/2047,433.18,431.794,432.334,0.635,-0.186,BBB,EUR,S
423,Voomm,GMF102748,2.429,03/28/2046,339.728,314.86,327.791,2.435,-2.466,A,INR,Q
424,Tagcat,NPBI849,2.589,04/30/2035,189.289,187.15,188.177,2.596,-18.29,A,INR,Q
425,Lajo,SUWD0178,3.718,01/14/2046,337.703,321.223,330.452,3.732,-0.892,BB,GBP,A
426,Voomm,LJW81010,0.445,03/07/2032,284.614,279.776,282.824,0.445,0.397,C,GBP,S
427,Bluejam,TUMCX25728,0.695,08/27/2043,332.915,300.422,319.918,0.695,-56.18,AA,EUR,S
428,Brainverse,VEGAT056,1.61,01/12/2035,18.281,16.488,18.245,1.613,0.758,CC,EUR,A
429,Muxo,WYLD73920,0.646,01/27/2022,345.808,340.344,343.459,0.646,-9.556,AA,EUR,Q
430,Wikibox,JVDXM693748,2.193,03/03/2024,165.179,152.345,162.74,2.198,0.353,AA,EUR,S
431,Trupe,EQW1393,0.207,04/13/2048,410.131,385.564,401.778,0.207,-11.319,A,EUR,A
432,Bluejam,GLMJP943,3.743,07/16/2020,185.82,182.512,184.001,3.757,8.894,CCB,EUR,Q
433,Kare,DAEL511829,1.805,04/23/2048,435.678,429.579,432.567,1.808,-22.073,A,INR,A
434,Feednation,FVCP205,3.995,04/06/2033,62.936,59.852,61.055,4.011,13.038,BB,EUR,S
435,Eare,FTX004,3.952,08/11/2039,233.101,210.84,227.758,3.968,-17.153,AAA,INR,Q
436,Meejo,PBZK16837,0.272,09/12/2046,462.488,442.647,444.235,0.272,13.686,AAA,GBP,S
437,Oyondu,MFL875,3.137,05/12/2036,471.995,444.336,461.485,3.147,27.047,AAA,GBP,S
438,Mynte,DACRV626,3.993,10/01/2022,70.424,67.262,68.653,4.009,-1.632,AA,GBP,A
439,Meembee,DPCF2106,4.468,07/12/2044,211.838,199.128,208.025,4.488,-7.974,B,USD,S
440,Ozu,NCJQ8783,4.341,05/06/2033,51.211,47.042,47.501,4.36,-0.385,B,GBP,Q
441,Agimba,RYDWG001,0.99,06/07/2032,162.887,153.163,161.039,0.991,0.518,CC,USD,S
442,Voomm,EFG122,0.693,03/29/2050,408.585,387.502,397.2,0.693,-3.892,C,USD,S
443,Fliptune,UGOI585551,3.567,02/21/2049,398.595,371.969,398.062,3.58,-7.678,BBB,EUR,S
444,Browsedrive,NSFW365561,3.761,07/15/2030,46.327,43.024,46.228,3.775,0.214,CCC,EUR,A
445,Mynte,AFE82121,0.684,06/28/2033,152.546,148.504,150.484,0.684,8.836,C,EUR,Q
446,Quamba,OBY1377,0.81,06/23/2024,463.048,450.916,462.199,0.811,25.525,A,EUR,S
447,Skyba,YFLQ52028,1.081,11/19/2038,82.939,80.575,81.781,1.082,-0.253,A,INR,S
448,Thoughtbeat,UMF33910,1.543,10/05/2042,362.309,328.035,331.462,1.545,-3.243,C,EUR,Q
449,Divanoodle,XPLJT970345,1.872,04/09/2031,200.553,191.207,198.59,1.876,-4.061,AA,EUR,S
450,Twimm,AKCX6243,2.265,03/14/2023,415.296,385.229,404.171,2.27,39.832,AA,EUR,Q
451,Katz,ZFC3871,0.286,02/27/2031,421.883,402.35,412.702,0.286,38.932,A,EUR,A
452,Zoomdog,EVKBJ977736,2.342,12/07/2045,341.308,338.646,338.832,2.347,10.108,A,USD,A
453,Thoughtbridge,DPZJ2589,4.833,07/11/2025,155.449,141.023,152.708,4.856,6.258,AAA,EUR,Q
454,Jabberbean,YKHCX5210,2.204,05/13/2019,116.697,105.914,114.648,2.209,1.07,B,EUR,S
455,Dabtype,XVP960,0.472,08/23/2043,228.505,223.318,224.044,0.472,1.744,AA,USD,A
456,Oozz,IEH50636,2.44,02/01/2035,204.532,187.392,201.618,2.446,-4.737,AA,EUR,Q
457,Realfire,QAH182701,2.669,05/25/2029,73.926,70.415,71.854,2.676,3.884,BBB,INR,S
458,Demimbu,DGR227,4.229,12/01/2019,295.193,279.518,288.766,4.247,-6.455,CCB,GBP,Q
459,Thoughtstorm,BCA050,4.341,05/07/2029,496.26,460.281,475.392,4.36,1.833,B,USD,A
460,Mydeo,ZFA61054,3.15,05/12/2035,181.607,170.801,173.071,3.16,-4.467,A,USD,S
461,Tambee,YODJK810838,0.039,04/14/2049,302.722,280.532,288.521,0.039,-2.879,AAA,EUR,S
462,Zoomcast,JDOX1837,2.641,07/23/2047,235.808,230.667,231.747,2.648,-4.432,A,GBP,S
463,Jabbersphere,YVX346495,0.809,02/20/2038,347.816,331.677,334.26,0.81,0.101,CCC,GBP,Q
464,Zooxo,SAZ271390,2.88,06/29/2027,477.207,450.865,452.446,2.888,-18.231,B,EUR,A
465,Devshare,JYH12611,1.682,02/02/2026,124.46,121.299,121.741,1.685,2.714,BB,INR,S
466,Feedfish,SHUFZ262485,2.879,07/04/2022,190.205,180.847,185.058,2.887,5.883,BB,GBP,Q
467,Cogidoo,NVKSY5675,3.147,06/29/2039,347.797,313.087,341.202,3.157,1.453,A,USD,Q
468,Browsecat,WHE621104,3.518,04/07/2035,433.351,407.783,432.584,3.53,18.31,AAA,GBP,A
469,Cogilith,ZTV90329,0.26,05/18/2048,54.923,53.094,53.606,0.26,38.306,A,EUR,Q
470,Devify,USZR383,0.493,03/29/2040,118.72,115.087,117.957,0.493,-0.085,BBB,GBP,Q
471,Fivebridge,EPHB701611,3.43,04/18/2036,340.142,325.686,326.264,3.442,0.813,CCB,USD,S
472,Tagopia,LFDVI962141,3.826,09/24/2034,40.023,36.289,37.82,3.841,-2.834,A,USD,Q
473,Zoomlounge,NJDTZ675487,3.799,11/26/2033,285.8,271.853,284.266,3.813,-6.039,C,GBP,S
474,Vimbo,TWZR57508,3.803,09/26/2034,259.87,237.599,243.167,3.817,1.905,B,GBP,S
475,Skinix,JLXI8133,4.64,02/10/2026,331.226,304.264,315.319,4.662,2.186,BB,USD,Q
476,Wikido,ZSV261,4.632,02/25/2031,131.1,129.107,129.805,4.653,36.701,BBB,EUR,A
477,Topdrive,LJZ297457,4.619,10/27/2039,324.202,303.907,321.767,4.64,7.544,CCB,INR,S
478,Aibox,SEFR99056,2.301,05/28/2029,310.052,280.039,300.148,2.306,16.58,C,INR,Q
479,Flashspan,DULPG013455,1.998,02/21/2041,475.825,457.506,459.521,2.002,2.035,A,GBP,S
480,Edgepulse,XBGFQ8372,4.533,05/18/2035,459.462,436.397,451.62,4.554,23.021,A,GBP,A
481,Oyoyo,IZCBP1587,2.258,03/05/2028,80.714,73.07,75.822,2.263,0.625,CCC,USD,A
482,Flashspan,GTQ44159,4.877,10/24/2037,202.08,194.785,201.278,4.901,-11.809,BBB,GBP,Q
483,Skinix,OMB492,3.424,07/31/2042,71.794,66.043,71.046,3.436,0.469,CCB,USD,A
484,Dazzlesphere,FOCV9872,4.809,11/10/2036,129.049,125.539,125.785,4.832,2.81,AA,INR,Q
485,Twimbo,IXSC4106,2.364,08/19/2045,413.734,409.348,412.111,2.37,18.727,B,INR,S
486,Einti,SDAX683979,2.307,10/02/2032,196.22,186.193,190.505,2.312,-4.364,AA,GBP,A
487,Zazio,NHEIL2213,0.872,10/19/2038,42.927,42.352,42.927,0.873,-0.207,CCB,INR,Q
488,Photobean,CSE095,4.879,12/08/2048,49.258,45.613,49.076,4.903,-3.572,A,INR,A
489,Zava,NZA359486,0.34,02/18/2045,270.779,256.292,270.489,0.34,-3.315,A,USD,A
490,Skipfire,FSE06771,4.026,04/11/2027,144.126,136.084,142.598,4.042,6.015,BBB,USD,A
491,Brainlounge,HZBR19035,4.033,03/24/2038,37.38,35.29,37.129,4.049,0.851,CCC,GBP,S
492,Quatz,QRPE486206,2.574,03/02/2020,52.518,50.654,51.269,2.581,1.169,B,EUR,S
493,Thoughtmix,SOF587,0.436,08/13/2032,38.516,36.332,36.922,0.436,-8.283,AA,GBP,Q
494,Youbridge,ARHYK4589,1.876,06/14/2024,440.468,407.257,435.818,1.88,-69.389,AAA,EUR,A
495,Skynoodle,WAR173375,0.175,01/01/2024,406.715,368.402,399.052,0.175,13.277,AAA,USD,A
496,Yodo,ZCQUM907942,1.406,11/06/2027,223.34,218.985,223.253,1.408,25.028,BB,USD,Q
497,Kwilith,ZXS2652,0.188,09/20/2037,49.31,45.814,48.401,0.188,0.135,A,USD,A
498,Avamm,EONUG483,1.395,10/04/2049,174.998,172.111,173.901,1.397,-72.643,CCB,INR,A
499,Skidoo,FVKU839,2,09/17/2026,283.958,270.64,274.902,2.004,-2.459,AA,GBP,Q
500,Shuffledrive,FMAP161,1.215,11/10/2045,222.987,201.892,205.9,1.216,-2.884,AA,USD,S
501,Ntags,BZE32994,1.631,06/11/2043,105.025,97.6,101.461,1.634,-2.917,CCB,INR,Q
502,Realbridge,ZPUF086544,2.362,08/04/2020,53.192,49.245,49.442,2.368,-4.137,A,INR,S
503,Rhyzio,HLW106806,2.664,12/04/2019,189.261,185.192,187.959,2.671,7.564,B,USD,S
504,Jamia,ORECL43535,0.12,01/23/2021,116.25,113.367,114.578,0.12,12.322,B,USD,Q
505,Lazz,RDGWX73196,1.891,01/15/2020,394.894,363.658,392.395,1.895,9.447,B,USD,A
506,Fliptune,IBXU503,1.018,03/26/2037,385.267,376.945,378.61,1.019,-1.056,A,EUR,S
507,Youbridge,FAYS413,3.398,12/08/2037,288.239,266.909,267.123,3.41,-18.888,BB,EUR,Q
508,Tekfly,WYFH8611,3.423,12/27/2033,429.924,428.677,428.902,3.435,0.221,A,EUR,S
509,Digitube,YBAZ44658,4.089,12/27/2039,283.689,272.767,272.985,4.106,0.022,A,INR,Q
510,Zoovu,JTBG331,0.296,12/06/2049,150.114,137.655,146.127,0.296,-0.062,A,GBP,S
511,Skimia,WBDP220,2.61,12/21/2036,179.983,169.634,171.29,2.617,-0.734,A,EUR,A
512,Vipe,GNPZY162,0.656,06/15/2029,391.634,390.498,391.452,0.656,-88.041,BBB,GBP,S
513,Fliptune,GYPZ48153,1.497,06/20/2030,421.447,416.347,419.509,1.499,-35.816,AA,EUR,A
514,Shufflebeat,MSVZ929322,2.789,12/20/2026,86.227,84.735,85.183,2.797,4.627,B,GBP,Q
515,Thoughtsphere,KYU436,2.615,05/21/2046,344.079,313.387,341.01,2.622,14.801,AA,GBP,Q
516,Twitterwire,XRG534702,4.633,09/22/2043,170.785,157.635,170.522,4.654,27.496,AA,EUR,Q
517,Skajo,QUXM20340,3.666,12/27/2033,361.595,341.418,346.866,3.679,-2.162,A,EUR,A
518,Jaxnation,RQIY8648,1.592,05/18/2038,34.53,33.311,33.567,1.595,0.223,A,INR,A
519,Mycat,UWA116218,2.142,08/18/2026,391.029,353.764,382.085,2.147,3.619,CCB,GBP,Q
520,Voolia,BRA02846,2.362,12/16/2030,151.274,138.794,141.914,2.368,-1.489,CCB,USD,S
521,Oyope,TYCZO67152,4.097,06/23/2019,96.245,94.753,95.633,4.114,4.535,AA,GBP,S
522,Dynabox,DAFC146,3.924,05/24/2041,344.764,321.561,343.836,3.939,3.064,A,GBP,A
523,Realcube,NEO247,3.498,06/27/2039,265.701,253.399,254.26,3.51,-16.675,AAA,USD,S
524,Gabtune,HGBX42630,0.312,02/03/2019,73.901,67.464,72.678,0.312,0.209,C,GBP,S
525,Dynazzy,FVXSE57480,4.52,09/12/2042,464.069,429.914,448.016,4.54,-33.311,A,EUR,S
526,Browsezoom,RJNYE656,1.885,08/26/2030,330.766,325.805,327.243,1.889,15.815,AAA,USD,S
527,Myworks,PDY283,1.078,05/30/2025,393.951,356.841,385.787,1.079,8.066,AA,GBP,S
528,Yadel,GLX7360,2.532,11/04/2021,370.458,348.379,351.911,2.538,-2.907,C,EUR,S
529,Dabshots,OEGTI846252,3.395,08/05/2026,386.813,381.9,385.143,3.407,-74.669,B,USD,Q
530,Agimba,HVY15901,0.459,04/30/2025,96.74,93.228,94.001,0.459,3.676,A,EUR,Q
531,Ainyx,CWAQR99641,4.691,07/01/2036,294.919,269.851,273.36,4.713,20.533,AA,USD,Q
532,Pixonyx,CDAKH5307,1.486,09/04/2036,324.382,293.533,322.531,1.488,-14.165,A,GBP,S
533,Edgewire,AIHG75324,0.792,03/03/2046,111.5,105.501,107.601,0.793,0.107,AA,USD,Q
534,Innojam,YUQ826444,3.65,10/05/2037,459.732,457.525,459.688,3.663,16.571,B,INR,S
535,Jazzy,XUZWO773498,4.756,10/10/2032,339.637,330.671,333.181,4.779,9.202,A,INR,Q
536,Brainsphere,WRDQI592,1.03,06/20/2044,498.676,454.942,497.364,1.031,3.707,AA,GBP,A
537,Browsezoom,OYJAN04793,3.147,05/19/2038,326.718,318.354,322.201,3.157,13.566,A,GBP,A
538,Cogibox,XOS1551,0.696,11/01/2037,133.085,123.796,132.342,0.696,1.41,CCB,GBP,S
539,Wordware,BOJ096,1.277,10/19/2040,487.871,477.138,483.041,1.279,-29.908,A,EUR,Q
540,Mynte,LTPU197714,4.159,01/16/2035,179.283,164.654,169.774,4.176,-8.923,A,INR,S
541,Riffpath,OFLHW6357,4.267,09/16/2020,230.35,222.08,223.321,4.285,9.821,AA,EUR,Q
542,Thoughtstorm,FUQWB252749,1.062,10/13/2037,272.177,251.111,263.961,1.063,-23.808,CCB,GBP,Q
543,Fivechat,COAU233466,0.717,01/18/2022,369.509,359.717,366.767,0.718,-86.445,A,INR,A
544,Plambee,CDJX2947,2.265,01/05/2046,214.2,203.447,203.662,2.27,28.728,BB,GBP,S
545,Demimbu,PJZL054007,4.508,11/20/2043,362.059,361.733,361.877,4.528,2.857,BB,EUR,Q
546,Gabspot,QNELO581738,1.336,05/07/2033,357.379,330.361,350.354,1.338,-1.292,BB,EUR,A
547,Jazzy,NGTFS039062,0.834,10/14/2019,334.128,323.035,327.916,0.835,-9.785,AA,GBP,A
548,Feedmix,KDIY07737,0.533,12/03/2039,73.989,69.468,72.994,0.533,1.902,BBB,EUR,Q
549,Kanoodle,ZIJAG619,4.668,02/09/2049,385.407,365.559,377.071,4.69,-71.299,C,GBP,S
550,Realpoint,JCSP365,4.113,03/16/2040,211.62,197.949,204.785,4.13,0.169,BBB,USD,A
551,Tazz,HYL945,1.861,10/22/2025,165.274,157.407,159.531,1.864,20.822,B,EUR,A
552,Mycat,RFPK1452,0.36,08/16/2031,153.729,144.167,152.199,0.36,19.109,AA,GBP,A
553,Viva,GLR36489,2.723,12/18/2023,363.093,334.554,352.819,2.73,21.639,AA,GBP,Q
554,Tagcat,AZKNF4944,1.695,06/05/2024,292.895,276.932,284.435,1.698,-10.063,CCB,GBP,S
555,Rhynyx,WKBU330,1.907,02/06/2030,263.6,258.697,263.502,1.911,-0.875,AAA,EUR,Q
556,Leexo,ZLK48376,4.768,06/06/2046,244.888,235.95,239.793,4.791,4.047,BB,EUR,S
557,Zoonoodle,IMD591719,4.049,11/24/2035,299.393,279.962,291.232,4.065,0.086,CCB,EUR,A
558,Voolia,LCNIY094,1.964,07/12/2049,345.614,327.02,336.689,1.968,17.532,A,EUR,Q
559,Topiclounge,ZBWQN1670,1.483,03/30/2039,78.139,75.209,76.996,1.485,-2.191,C,GBP,A
560,Tazz,CHVYU540715,4.862,02/20/2034,333.647,328.876,329.258,4.886,-18.643,C,GBP,A
561,Leenti,VNP0170,3.2,02/08/2049,63.144,61.003,62.438,3.21,-0.036,CCB,EUR,Q
562,Livetube,JVI575968,3.375,10/13/2047,394.49,380.683,390.762,3.386,-19.021,A,EUR,Q
563,Centizu,XMBAW10677,2.808,09/25/2025,22.113,21.2,21.245,2.816,-1.31,AA,GBP,A
564,Vimbo,WHQL841534,1.032,11/13/2028,172.076,158.602,171.672,1.033,0.913,AA,GBP,A
565,Jetpulse,ENRJF526,4.428,10/12/2019,130.176,122.561,127.282,4.448,1.179,AA,USD,A
566,Eadel,LDKH743,2.143,03/07/2038,354.706,348.853,351.721,2.148,1.137,AA,EUR,S
567,Quire,DFB30825,2.796,02/24/2019,321.82,301.03,321.404,2.804,11.663,B,INR,Q
568,Reallinks,NOM8279,2.076,03/31/2030,62.219,57.011,59.563,2.08,-1.138,BBB,INR,S
569,Jatri,TNO56914,0.413,07/22/2030,352.956,328.249,344.309,0.413,-0.033,AAA,INR,Q
570,Chatterbridge,ZLEKC431138,3.76,06/02/2034,15.335,14.933,14.998,3.774,-1.584,BBB,INR,A
571,Wordtune,VJZA61276,3.319,06/08/2028,213.839,211.765,211.993,3.33,17.414,A,GBP,S
572,Katz,JORHB98447,1.086,09/04/2042,383.127,375.426,378.506,1.087,-0.419,AA,INR,Q
573,Yozio,TQR40989,0.769,05/30/2023,47.571,46.191,46.95,0.77,0.326,AAA,INR,S
574,Gabtype,UAKFY80300,3.962,03/22/2024,49.045,46.985,48.612,3.978,-0.146,B,USD,Q
575,Zoozzy,BOSYP308231,2.675,05/30/2045,381.51,363.007,364.487,2.682,-46.007,A,INR,Q
576,Fanoodle,AICK1610,1.843,01/29/2032,465.306,421.567,428.128,1.846,-3.664,BBB,INR,S
577,Plajo,BXPYH67835,4.624,05/14/2047,450.95,421.323,434.951,4.645,-14.819,A,USD,Q
578,Podcat,LXZW749058,4.924,11/18/2040,256.045,234.128,247.716,4.948,-8.416,AA,EUR,A
579,Fivechat,QZCY276126,3.712,09/29/2039,66.097,60.485,64.75,3.726,-0.403,AA,INR,S
580,Linklinks,RPFIE544,2.633,03/11/2036,167.416,153.604,163.272,2.64,-2.357,BBB,EUR,A
581,Feednation,YCQU6622,2.003,01/13/2049,303.187,276.294,293.775,2.007,1.143,A,INR,S
582,Skiptube,IRMCG33640,3.621,01/07/2045,397.354,363.499,390.922,3.634,20.284,B,GBP,S
583,Devcast,VOCXI091052,2.769,05/05/2025,150.022,135.545,150.022,2.777,1.179,C,USD,S
584,Skinder,ZDTGK86150,4.593,03/30/2042,310.675,284.143,302.45,4.614,-12.933,CCC,EUR,S
585,Yadel,WSE210859,3.777,07/08/2035,357.945,328.343,341.368,3.791,-23.369,CCB,INR,S
586,Jabberbean,KIHL66211,3.675,09/22/2039,455.336,418.864,419.958,3.689,-36.61,A,USD,A
587,Fatz,MHKD4528,2.615,07/24/2050,157.725,151.495,157.6,2.622,1.721,BB,USD,S
588,Quinu,FEK79905,0.96,12/15/2022,452.854,448.688,449.563,0.961,15.847,A,USD,S
589,Lazz,VUEA7161,2.871,06/16/2031,323.647,313.226,318.436,2.879,22.687,A,GBP,A
590,Dynabox,SFBXZ5387,1.269,02/13/2026,382.797,365.15,382.621,1.271,-2.367,BB,GBP,S
591,Skyba,REM443,0.675,01/26/2049,463.588,432.852,456.211,0.675,-21.64,A,INR,A
592,Rhycero,AUHX84772,1.625,10/04/2027,479.464,461.005,474.665,1.628,-151.963,A,INR,Q
593,Flashset,OJP6968,3.464,04/11/2044,365.157,336.602,337.458,3.476,-2.694,AAA,EUR,A
594,Yakitri,UJOZR2785,3.123,05/31/2049,171.862,162.341,163.579,3.133,-0.168,C,EUR,Q
595,Yamia,ZRCE7290,3.488,03/07/2041,130.196,126.537,127.013,3.5,5.383,CCC,USD,S
596,Dabtype,ZEGI561128,1.878,03/21/2034,112.467,110.465,111.186,1.882,0.063,AAA,USD,S
597,Wordpedia,STCV615,4.283,04/09/2046,391.66,367.573,382.989,4.301,-0.448,AAA,EUR,S
598,Devpulse,XQDG4475,1.433,11/17/2046,403.896,378.289,392.117,1.435,-5.088,AA,EUR,S
599,Voolia,XRGCV243,4.594,09/30/2040,56.288,55.883,56.256,4.615,-1.373,BB,GBP,Q
600,Oozz,YIR532,0.618,03/08/2025,127.863,116.509,117.076,0.618,-9.65,AA,USD,A
601,Browsetype,NOV5222,0.903,03/14/2037,494.601,481.593,494.211,0.904,2.864,A,EUR,A
602,Livetube,VFLZ932564,2.478,08/20/2044,85.358,81.099,81.397,2.484,2.426,AA,USD,A
603,Yabox,CKAZ03899,4.512,10/07/2030,465.305,433.059,444.99,4.532,-23.514,BB,INR,S
604,Realbridge,ETUCH338695,2.651,02/11/2021,160.465,149.553,150.863,2.658,-0.109,A,INR,A
605,Jaxnation,VCKQ59239,1.452,11/10/2030,37.302,36.645,36.77,1.454,0.019,A,INR,Q
606,DabZ,NMO45304,2.971,06/12/2026,133.629,122.952,124.66,2.98,0.087,AA,EUR,A
607,Buzzster,XPO820966,2.437,08/17/2048,212.475,208.927,212.298,2.443,2.667,CCB,GBP,S
608,Livetube,RXB13194,4.586,06/17/2021,459.036,448.019,449.782,4.607,-87.814,AA,EUR,S
609,Yakijo,WVHU531420,2.112,07/18/2035,165.445,163.675,164.861,2.116,-0.08,A,INR,S
610,Quatz,JBDW876,1.111,02/13/2025,333.325,316.125,323.693,1.112,2.9,CCC,GBP,S
611,Leexo,FNIK74401,0.849,07/07/2038,125.732,118.49,119.504,0.85,-11.692,A,USD,S
612,Flashdog,GUREB6802,3.148,04/25/2031,95.005,87.528,94.556,3.158,3.291,AA,INR,A
613,Cogidoo,KDJ422976,0.639,12/21/2037,287.935,262.741,278.361,0.639,18.475,BB,GBP,S
614,Topiclounge,IZO249965,3.656,10/19/2031,326.517,319.04,319.04,3.669,-7.001,AAA,EUR,A
615,Photojam,IECJK861427,2.531,08/31/2030,172.426,160.632,162.401,2.537,0.363,AA,USD,S
616,Bubblebox,NIFM099,1.416,12/10/2039,297.458,272.947,284.713,1.418,1.512,BBB,EUR,Q
617,Aibox,TGPM312635,3.587,04/14/2019,456.245,422.209,448.417,3.6,65.086,C,USD,Q
618,Skinte,TRPEL560104,1.841,04/08/2040,257.354,249.427,254.976,1.844,31.172,BB,EUR,S
619,Meevee,ZST836058,0.385,08/31/2039,364.467,345.843,363.35,0.385,0.516,B,INR,Q
620,Layo,CGEQ9651,4.445,08/13/2038,340.013,311.01,327.252,4.465,42.691,A,INR,S
621,Skiptube,NRZT51104,2.168,04/27/2026,267.121,254.192,264.923,2.173,-0.766,AA,INR,S
622,DabZ,ASGFN624,3.513,09/18/2037,393.892,381.839,390.276,3.525,17.042,AA,USD,S
623,Thoughtsphere,BJN17920,4.723,07/12/2043,403.849,381.274,387.369,4.745,1.565,CCB,USD,A
624,Jayo,FLKR3415,2.641,11/15/2027,112.843,102.868,104.264,2.648,3.745,AA,EUR,S
625,Skynoodle,WCBKV313,1.695,03/16/2048,387.471,355.505,380.438,1.698,-0.751,BBB,GBP,A
626,Realmix,JTFE256,1.45,05/19/2028,157.731,150.775,155.018,1.452,30.13,A,INR,A
627,Fadeo,AVP626383,2.605,09/12/2026,112.472,104.385,107.377,2.612,9.768,BBB,INR,A
628,Realcube,RJZA81432,3.231,08/24/2050,52.612,47.509,48.989,3.241,3.034,AA,INR,Q
629,Oba,MPN39799,1.649,11/24/2044,195.47,194.102,195.319,1.652,-1.211,C,USD,A
630,Gabvine,FETK413685,2.743,12/04/2043,348.545,341.679,347.103,2.751,-27.22,BBB,EUR,Q
631,JumpXS,LQEJ50733,4.844,08/21/2033,26.745,26.122,26.421,4.867,-2.217,BBB,INR,S
632,Youopia,PGOZ716402,4.381,09/03/2021,338.618,316.371,333.724,4.4,21.839,BBB,INR,A
633,Blogtag,EQBJO56066,1.113,12/27/2033,475.86,465.058,465.922,1.114,32.859,AAA,USD,A
634,Centidel,UYBTZ394434,0.695,03/16/2039,62.302,62.146,62.184,0.695,-0.206,AA,INR,Q
635,Yombu,JCPHO190,2.627,12/17/2044,462.268,444.84,445.538,2.634,-21.065,AAA,INR,Q
636,Meevee,ZOLH596,4.999,03/06/2048,409.974,393.862,396.923,5.024,-70.047,CCB,INR,Q
637,Talane,EJR22359,3.256,02/04/2030,269.553,247.638,252.021,3.267,1.127,AA,GBP,A
638,Voolith,ADMNI188,0.751,07/18/2029,371.679,347.78,370.245,0.752,-0.442,A,EUR,S
639,Flipstorm,KXS4949,4.69,11/08/2024,21.701,21.545,21.664,4.712,0.611,AA,INR,A
640,Eire,YINX95097,0.021,01/17/2031,74.919,74.844,74.861,0.021,7.111,AA,GBP,S
641,Twitterworks,VJTKW0434,1.258,01/15/2038,160.221,156.264,157.807,1.26,-4.912,AA,INR,S
642,Wikibox,ALW08948,2.253,09/09/2046,182.598,167.077,168.94,2.258,0.341,BBB,INR,S
643,Rooxo,NFA8715,3.264,02/01/2035,412.204,409.813,411.487,3.275,19.356,AA,USD,A
644,Edgepulse,NMLHV7812,3.592,08/20/2029,394.084,366.813,378.812,3.605,-1.464,AA,GBP,S
645,Katz,XKZ7329,0.284,07/24/2021,210.645,200.871,204.585,0.284,-1.462,CCB,GBP,Q
646,Demimbu,FCNZ1438,3.432,01/03/2030,394.328,389.557,391.751,3.444,53.646,B,INR,Q
647,Twiyo,WKDO31383,3.541,05/18/2045,409.266,382.582,391.654,3.554,40.23,A,USD,A
648,Skippad,ZVG1396,0.774,12/18/2047,222.15,218.24,220.078,0.775,-0.854,A,USD,Q
649,Youspan,UWTV742,2.569,09/01/2020,302.49,291.389,299.937,2.576,16.499,CCC,GBP,A
650,Vitz,HXQOJ180,1.046,04/27/2024,333.985,327.439,333.592,1.047,-15.161,AA,USD,A
651,Yakitri,OJHX00582,3.416,11/01/2019,457.902,426.353,449.699,3.428,14.751,B,GBP,Q
652,Fanoodle,SLXT6346,3.954,02/02/2041,242.165,224.487,228.376,3.97,-26.117,C,EUR,Q
653,Skiptube,HFYX890,2.35,12/08/2036,430.874,423.765,424.618,2.356,4.107,BB,INR,S
654,Voolith,ACQ735,4.318,05/10/2036,176.784,160.679,169.215,4.337,-13.067,AA,EUR,S
655,Teklist,MHJ40286,4.902,02/06/2019,111.036,101.909,110.58,4.926,26.402,AA,EUR,S
656,Feedbug,TUW346736,2.087,08/31/2026,468.791,461.947,465.574,2.091,-39.864,A,EUR,Q
657,Dynazzy,ROY485893,2.861,05/18/2038,282.111,268.598,269.814,2.869,-30.422,CCC,INR,A
658,Photobean,BPY90226,3.34,06/05/2045,496.661,490.8,492.852,3.351,49.562,A,INR,S
659,Yodo,ECJDS653618,1.987,05/23/2028,96.499,95.023,95.347,1.991,3.234,A,INR,A
660,Photojam,KWAI59521,3.41,02/02/2022,410.008,373.066,403.728,3.422,7.182,B,INR,S
661,Yamia,FOBNK669848,2.915,07/03/2021,365.115,329.516,349.452,2.923,26.075,B,GBP,Q
662,Vinte,SJUL2956,3.671,02/14/2026,38.963,38.671,38.75,3.684,-0.239,BB,EUR,A
663,Jabberbean,EJUZ78504,2.837,08/31/2030,456.415,424.146,440.281,2.845,76.094,AA,EUR,A
664,Avamm,XBQ746106,3.408,06/09/2029,16.605,15.999,16.605,3.42,3.694,A,USD,S
665,Tavu,WVIA61892,1.432,03/22/2027,421.109,393.905,421.109,1.434,-26.829,BB,GBP,A
666,Wikibox,NPU16334,4.753,02/15/2041,165.275,153.408,162.427,4.776,-1.897,AA,GBP,S
667,Feedfish,XZM99926,1.292,01/29/2024,417.882,398.994,399.938,1.294,1.882,B,EUR,S
668,Dabtype,LAW468,1.289,09/12/2024,191.829,173.164,190.522,1.291,8.387,A,GBP,Q
669,Linktype,LAPXI424085,3.251,11/05/2037,427.721,396.84,404.869,3.262,-43.321,A,USD,S
670,Katz,LPG6833,1.031,10/11/2027,404.078,383.187,403.66,1.032,2.972,BBB,INR,A
671,Kwilith,WISB41047,0.575,12/23/2043,39.132,35.274,37.164,0.575,2.058,A,USD,S
672,Dazzlesphere,JYGCV7957,3.691,02/08/2032,149.387,149.238,149.372,3.705,30.96,BBB,GBP,Q
673,Fliptune,EQZT33433,3.057,02/14/2024,209.631,202.671,209.631,3.066,-32.081,AA,GBP,S
674,Podcat,OHUG40366,2.511,08/24/2036,487.814,461.082,480.329,2.517,29.856,BB,INR,Q
675,Kare,EPF13270,3.877,10/22/2039,205.034,196.833,197.899,3.892,-1.023,B,USD,S
676,Babblestorm,HIQ044006,3.045,06/25/2043,433.333,403.346,426.736,3.054,-11.486,A,GBP,A
677,Tagchat,XAUD092587,3.97,05/12/2025,329.777,303.56,323.485,3.986,30.416,C,EUR,S
678,Edgepulse,AMTF5155,2.088,11/10/2029,278.955,277.03,277.377,2.092,1.097,A,INR,A
679,Zoombeat,TOE091,0.7,06/12/2022,27.553,26.043,26.707,0.7,1.822,BBB,GBP,Q
680,Livepath,IXAB024714,3.052,05/13/2049,359.81,325.628,332.464,3.061,22.912,BB,INR,S
681,Edgeblab,XDCB9571,1.14,01/06/2031,208.927,191.774,195.033,1.141,13.39,BBB,USD,Q
682,Feednation,WORZE26361,4.002,04/09/2046,367.066,350.621,366.737,4.018,12.204,BB,USD,A
683,Ntag,MGILO2611,0.806,02/28/2038,367.028,346.768,362.166,0.807,8.678,AA,EUR,S
684,Dabvine,JBFVZ5465,1.362,04/23/2019,37.389,35.871,36.751,1.364,0.617,CCB,GBP,S
685,Roodel,VSCI0179,1.576,09/04/2038,205.445,204.808,205.33,1.578,-1.289,BBB,USD,A
686,Realcube,HJCG25564,3.966,07/19/2023,66.657,65.77,65.948,3.982,3.407,BB,GBP,Q
687,Riffpath,QXH753,4.816,02/20/2032,427.148,395.112,401.519,4.839,-16.406,BB,USD,A
688,Wordware,QPYK970672,2.356,12/26/2023,239.43,238.113,238.798,2.362,66.256,B,GBP,Q
689,Podcat,RIVL512791,3.213,10/13/2045,425.267,410.595,413.236,3.223,24.052,A,USD,Q
690,Tagpad,IQK38752,4.741,09/24/2018,78.243,73.142,76.917,4.763,-1.221,CCB,EUR,Q
691,Dazzlesphere,AQSZT7766,4.86,05/30/2027,257.366,245.244,253.245,4.884,11.839,AA,EUR,S
692,Midel,LBNVW3706,0.654,10/05/2020,396.094,363.258,381.646,0.654,-83.897,BB,EUR,Q
693,Youspan,JAK028,2.761,11/26/2044,377.405,365.064,371.358,2.769,-4.949,B,USD,A
694,Voomm,UGP07063,2.466,02/01/2023,286.825,268.726,278.138,2.472,-5.352,CC,GBP,Q
695,Ntags,ZWD853,0.38,02/06/2046,470.695,450.643,464.078,0.38,51.709,AA,EUR,Q
696,Meevee,CXLYP880894,2.088,01/09/2041,183.305,167.816,175.715,2.092,6.602,CCB,INR,Q
697,Gabspot,MORV23923,1.373,02/19/2022,483.81,450.137,454.514,1.375,-5.929,C,GBP,S
698,Dabvine,PRI206171,0.397,11/06/2034,59.155,54.251,55.183,0.397,1.172,CCB,USD,Q
699,Vinte,SRF46359,2.054,06/25/2026,53.553,48.846,49.787,2.058,-4.338,AA,EUR,Q
700,Feedbug,UYCB9787,2.998,01/30/2024,468.232,427.449,437.237,3.007,-0.654,AAA,EUR,S
701,Pixoboo,AVDGX378498,3.612,11/28/2047,92.038,89.065,91.652,3.625,-0.775,BBB,EUR,S
702,Skajo,CPLY464279,2.304,02/13/2042,440.124,415.565,433.493,2.309,-8.777,BB,INR,A
703,Twitterbeat,WHAZL5226,1.517,11/04/2038,480.649,437.15,466.294,1.519,146.53,AA,GBP,A
704,Tagchat,ARX770,0.982,08/23/2026,15.986,15.458,15.733,0.983,-0.005,B,GBP,A
705,Kimia,WLHYG9585,3.593,08/12/2049,23.902,22.518,23.155,3.606,-0.331,AAA,INR,A
706,Fivechat,QULCT994,1.118,05/09/2035,490.687,468.508,481.594,1.119,-64.838,A,EUR,A
707,Livepath,VDK9514,0.394,02/03/2020,259.916,258.694,259.195,0.394,-5.386,A,INR,Q
708,Feedfish,VST047,4.785,11/23/2037,362.732,339.227,349.804,4.808,-26.384,A,GBP,S
709,Skynoodle,TCHF1431,3.752,04/30/2031,95.386,91.055,93.74,3.766,0.402,AA,USD,A
710,Roodel,SOUTV27103,1.023,10/17/2020,248.353,240.431,242.332,1.024,3.802,A,INR,S
711,Reallinks,GVHFJ91293,2.567,10/07/2043,348.134,316.697,325.185,2.574,-22.398,AA,INR,S
712,Topicware,DEL3537,3.075,11/22/2024,449.893,423.529,437.238,3.084,0.323,AAA,EUR,S
713,Demizz,WCQ0425,0.614,10/01/2037,174.477,162.927,169.279,0.614,-20.426,AA,EUR,Q
714,Realblab,CIL690,0.288,08/18/2020,83.272,77.276,80.514,0.288,-3.906,B,EUR,A
715,Fiveclub,JODFE8805,4.913,09/07/2025,236.041,228.913,235.756,4.937,-49.652,A,EUR,S
716,Snaptags,TJG626791,0.957,08/25/2023,181.263,174.339,179.74,0.958,1.712,A,GBP,A
717,Skidoo,RYAE345,2.942,04/11/2020,368.974,348.422,357.054,2.951,-10.095,AAA,USD,S
718,Bluejam,FAK304,0.015,04/16/2031,32.558,30.51,32.046,0.015,0.977,BB,GBP,A
719,Wordware,AKHX44079,3.244,01/04/2024,33.777,30.484,33.448,3.255,-2.448,A,GBP,A
720,Oodoo,EJKF914376,0.638,01/28/2044,401.551,390.267,399.407,0.638,4.98,CCB,EUR,Q
721,Kaymbo,CEKB7544,4.091,02/09/2031,305.335,302.618,304.33,4.108,-59.845,BBB,GBP,Q
722,Photojam,MLXJ75047,0.953,01/06/2027,118.445,114.299,117.036,0.954,-6.451,C,GBP,S
723,Realcube,XKW30117,1.613,10/10/2035,102.142,102.06,102.068,1.616,-2.118,CCC,INR,A
724,Fatz,DMCW496,0.962,02/29/2024,456.507,429.345,452.433,0.963,-59.929,AAA,GBP,A
725,Topicshots,HFBY77656,1.218,06/05/2022,147.227,133.697,140.327,1.219,-3.403,AA,GBP,S
726,Blogtag,PADM469625,2.099,10/12/2028,293.651,281.523,293.651,2.103,-0.953,A,INR,A
727,Zoonoodle,SQTHI086239,3.541,07/24/2025,171.844,155.416,166.751,3.554,10.517,A,USD,S
728,Buzzshare,OIXLJ09016,0.399,12/01/2038,130.606,118.133,128.486,0.399,3.247,AA,USD,A
729,Jayo,YFUK6037,3.091,12/04/2031,361.645,355.352,361.519,3.101,47.351,CCB,USD,Q
730,Vinte,MNUZ922327,0.793,07/22/2044,433.231,390.948,431.117,0.794,-1.505,A,GBP,Q
731,Quinu,NPGH335247,3.284,01/16/2023,116.687,113.758,115.105,3.295,4.525,AA,GBP,A
732,Rhycero,TDRP523673,0.946,05/17/2045,320.951,290.011,315.691,0.947,15.361,AA,INR,A
733,Topdrive,CVQDG966224,0.439,10/21/2037,225.99,208.046,216.48,0.439,-4.295,A,EUR,A
734,Edgetag,LBNKE20842,0.103,12/09/2023,277.977,277.254,277.37,0.103,6.555,A,INR,Q
735,Avavee,ALDZ2191,1.162,08/12/2033,104.965,103.737,103.946,1.163,-0.545,A,EUR,S
736,Buzzshare,OSZ7966,3.749,05/31/2043,341.703,335.04,340.903,3.763,11.684,CCB,GBP,S
737,Oba,YEJC276600,0.955,04/07/2022,171.172,163.024,166.283,0.956,1.966,CC,EUR,Q
738,Zoomzone,FPXR769009,3.368,02/26/2043,340.928,334.348,340.731,3.379,0.293,C,INR,S
739,Tambee,URCX044,1.94,04/15/2050,43.566,39.976,42.094,1.944,1.036,CCC,EUR,S
740,Oyoyo,QAJV000,4.421,03/29/2039,494.967,462.25,472.719,4.441,12.546,C,USD,Q
741,Oyoyo,JHYDZ13603,0.708,08/02/2019,107.096,100.563,106.573,0.709,5.801,CC,GBP,Q
742,Skipstorm,ALY41574,0.55,06/27/2031,416.384,392.484,395.352,0.55,1.818,BBB,USD,A
743,Flipstorm,XMPY03269,2.393,11/27/2044,107.461,101.54,102.014,2.399,4.065,CC,EUR,Q
744,Thoughtstorm,TMSZ948,0.407,06/19/2028,337.818,335.014,337.397,0.407,-4.8,BB,GBP,S
745,Bubbletube,NCEOU275,1.812,12/02/2028,450.704,408.293,419.744,1.815,3.127,BB,INR,A
746,Quimm,CFVLT05734,3.571,09/10/2020,188.277,179.39,183.123,3.584,13.365,AAA,GBP,A
747,Devpulse,KZB7743,1.745,08/03/2034,236.39,228.778,230.757,1.748,3.093,BBB,INR,Q
748,Flashspan,HGU2593,1.742,10/21/2049,116.137,114.139,115.078,1.745,-8.998,B,USD,A
749,Babbleblab,ZAT67960,4.288,09/01/2023,373.326,354.398,365.187,4.306,70.329,AA,INR,S
750,Meetz,KTWJ041535,3.816,04/17/2047,324.603,294.123,301.743,3.831,0.063,C,GBP,Q
751,Eayo,YROTK83753,1.27,04/17/2022,317.716,291.155,299.123,1.272,-0.144,A,INR,Q
752,Fanoodle,BGXEJ197,2.443,05/28/2046,173.919,171.345,171.963,2.449,2.945,AA,EUR,S
753,Browsedrive,FSQOE340,1.988,10/07/2047,158.666,143.64,153.107,1.992,32.48,CC,USD,A
754,Kwimbee,KQZ6016,3.017,03/13/2036,76.987,71.251,72.571,3.026,-2.42,A,EUR,A
755,Ainyx,RGDYO1856,1.918,03/27/2038,39.665,39.007,39.428,1.922,-2.622,AA,USD,Q
756,Jabbersphere,DLMGA5948,0.899,10/22/2025,440.647,396.759,398.514,0.9,-6.151,BB,GBP,A
757,Thoughtblab,NTG089390,2.282,01/18/2022,247.215,229.045,241.401,2.287,-17.934,CCB,INR,S
758,Skippad,SVLAZ018947,3.265,04/10/2046,210.095,195.746,205.934,3.276,7.152,C,GBP,A
759,Centimia,QGJND64379,3.028,04/12/2028,469.611,427.534,457.829,3.037,-46.32,CCC,EUR,A
760,Thoughtbeat,GIVB475671,0.915,07/25/2027,189.352,173.276,185.655,0.916,4.045,A,INR,A
761,Photobug,WDV4953,2.58,05/27/2023,250.849,232.963,242.085,2.587,-9.507,BB,EUR,A
762,Pixope,GXUJC3963,0.508,04/21/2027,72.969,66.533,72.969,0.508,3.399,CCB,INR,Q
763,Edgetag,LKTC099,3.15,01/14/2044,63.176,61.022,62.896,3.16,1.279,B,USD,Q
764,Eabox,YZM1817,4.507,08/08/2034,82.142,74.092,77.473,4.527,3.361,BBB,USD,A
765,Jabbersphere,YEB40787,4.681,02/11/2022,477.828,438.312,455.699,4.703,17.306,AA,USD,S
766,Voonte,BNUD753,1.702,08/11/2047,335.977,316.927,330.453,1.705,-53.338,BB,INR,S
767,Gabtype,HRIVD5064,4.013,06/10/2032,76.77,72.555,76.349,4.029,1.447,AAA,EUR,S
768,Teklist,UGL84063,0.428,11/23/2045,173.774,167.136,170.322,0.428,-3.749,AAA,INR,A
769,Thoughtbridge,DEM139,2.735,03/23/2043,421.94,394.472,404.635,2.742,-20.049,A,EUR,Q
770,Oodoo,ZRPB8449,4.422,05/20/2047,213.903,205.24,212.43,4.442,-17.226,A,EUR,S
771,Babbleopia,EYTR492,2.056,08/14/2036,127.419,117.022,121.804,2.06,0.878,CCB,USD,A
772,Voonte,RCUS440,2.443,08/31/2043,354.738,329.942,336.885,2.449,-28.823,CC,USD,A
773,Dabvine,MLDZW5295,0.908,02/07/2035,71.388,69.075,70.602,0.909,-0.147,B,USD,A
774,Jaxbean,VPGZR125934,0.452,08/07/2038,276.47,262.702,264.629,0.452,3.927,AA,EUR,S
775,Yakitri,UFWQP279302,4.728,01/26/2031,147.895,144.686,146.772,4.75,-14.569,BB,EUR,S
776,Bluezoom,EYNIS079398,2.232,07/26/2041,160.652,154.869,154.869,2.237,0.277,BBB,INR,S
777,Quaxo,EGOPZ94842,3.286,08/01/2046,430.54,428,429.753,3.297,-69.935,CCB,INR,A
778,Blognation,JTD551,2.384,01/30/2030,265.927,241.222,259.01,2.39,1.04,AA,EUR,A
779,Oyoyo,WYJ909905,3.829,02/05/2046,420.362,379.167,385.346,3.844,-3.145,BB,GBP,S
780,Yozio,VRSC034,3.226,12/23/2032,51.516,49.239,49.877,3.236,-14.123,AAA,INR,A
781,Zoomdog,TSWAU3853,4.705,05/03/2027,166.498,165.932,166.266,4.727,10.707,AA,INR,A
782,Buzzbean,JQT20156,4.594,08/07/2027,356.512,345.353,355.508,4.615,0.767,BB,USD,A
783,Shufflester,LQKUD967900,4.83,05/31/2032,31.194,29.544,30.286,4.853,-0.862,A,EUR,Q
784,Skiptube,GRLU487,3.848,12/09/2041,62.276,59.019,59.964,3.863,-0.626,BB,GBP,A
785,Jabberbean,PERBT105,1.239,04/01/2041,247.429,223.305,224.27,1.241,23.678,AA,GBP,Q
786,Meevee,VHU9936,1.177,06/25/2035,343.973,336.853,341.552,1.178,23.882,BB,INR,Q
787,Flipopia,XOAG63724,2.12,06/07/2047,369.703,362.346,368.526,2.124,-1.507,A,INR,S
788,Edgeify,SLXAG4456,2.489,04/25/2032,435.729,392.461,422.316,2.495,44.916,BBB,USD,A
789,Meejo,LSEV5745,4.594,01/13/2044,376.094,366.993,374.456,4.615,-21.077,A,INR,A
790,Twitternation,OVZA82121,4.195,02/03/2036,425.733,398.146,421.043,4.213,17.415,AAA,USD,Q
791,Voolia,NGZWH638,2.002,01/16/2049,249.242,235.11,238.784,2.006,1.389,A,USD,S
792,Leexo,ZYQH5606,4.299,04/30/2043,424.954,416.667,422.137,4.317,-27.499,B,INR,S
793,Lajo,PWHJ0125,2.636,12/29/2037,273.396,273.041,273.318,2.643,27.47,AAA,GBP,S
794,Buzzshare,PMYWG00637,2.528,10/12/2027,200.47,191.288,199.185,2.534,-5.043,B,EUR,A
795,Eadel,PULS53241,3.57,12/03/2035,125.155,120.674,121.123,3.583,-24.836,AA,INR,Q
796,Bubblemix,DEX628050,4.374,03/02/2039,125.657,118.67,124.958,4.393,-2.011,B,USD,Q
797,Twitterbridge,HDS605,2.776,11/30/2031,200.68,186.893,196.82,2.784,8.203,AAA,INR,A
798,Trupe,AMNQY22301,1.541,11/26/2035,466.988,427.995,447.881,1.543,-5.549,A,INR,S
799,Livefish,XWSYE115051,3.576,12/11/2018,337.639,334.094,335.441,3.589,-0.138,AA,USD,A
800,Brightbean,EPI25493,3.89,02/18/2026,352.406,334.081,339.762,3.905,-4.429,AAA,INR,A
801,Youfeed,DEUA053454,1.061,10/15/2030,284.956,273.159,280.473,1.062,-0.178,BBB,INR,A
802,Tavu,ZGVSR324,0.877,02/02/2041,474.383,454.459,467.609,0.878,216.909,BB,USD,A
803,Kaymbo,BPCIF207053,4.529,12/15/2046,293.541,288.433,289.2,4.55,11.931,BB,GBP,Q
804,Eire,XEV245333,1.345,04/01/2045,80.64,79.277,79.727,1.347,-1.746,A,EUR,S
805,Shufflester,ODPYR9653,3.322,07/27/2045,348.487,317.611,322.86,3.333,-15.684,A,INR,A
806,Skinte,MQUE134,2.652,08/10/2049,81.427,77.266,79.138,2.659,-2.097,A,INR,A
807,Teklist,AZMB091,0.835,08/01/2042,233.402,225.163,233.072,0.836,0.839,AA,INR,A
808,Topiczoom,IEXKN900849,2.163,03/21/2028,49.492,47.789,48.045,2.168,-2.573,AA,EUR,Q
809,Feedfish,HPNJT1066,3.459,12/23/2043,17.06,15.359,16.125,3.471,-0.654,B,USD,S
810,Flashpoint,KGA1592,1.3,02/17/2026,163.788,161.921,163.601,1.302,7.39,AA,INR,A
811,Quaxo,FTR419463,1.604,08/28/2037,438.617,438.31,438.513,1.607,35.836,A,INR,Q
812,Voolia,UOV954037,1.651,07/13/2027,358.63,325.098,347.564,1.654,0.617,A,GBP,A
813,Agivu,CNA270,4.902,01/23/2027,99.732,95.633,95.674,4.926,-1.532,B,INR,Q
814,Skivee,VTOR9289,2.27,09/01/2048,409.65,384.989,396.333,2.275,11.332,BBB,USD,A
815,Bubbletube,KONRW2101,2.892,09/04/2032,51.049,47.93,50.924,2.9,-27.397,CCB,EUR,Q
816,Oyope,NLW914519,2.759,02/07/2026,31.874,30.602,31.836,2.767,1.672,B,GBP,S
817,Zooveo,BIR274,0.534,12/05/2049,494.559,488.179,490.731,0.534,-19.564,BBB,INR,Q
818,Meemm,UEPSH416,3.634,05/05/2043,139.227,127.588,133.058,3.647,0.789,CCB,USD,Q
819,Mycat,NKTF843533,3.89,05/18/2025,58.097,52.613,54.532,3.905,-2.627,AA,GBP,S
820,Linkbridge,AQC18451,3.871,04/05/2047,392.274,382.193,389.25,3.886,30.438,A,INR,Q
821,Vimbo,XJS08559,0.924,05/17/2047,120.957,113.179,118.39,0.925,0.473,CCB,USD,A
822,Midel,CNAH16937,1.506,06/22/2036,468.642,463.815,465.311,1.508,-184.714,A,INR,Q
823,Voolia,TSJI114,1.2,10/16/2041,339.343,307.716,333.018,1.201,-24.687,AAA,INR,S
824,Quatz,KCL517925,1.127,07/22/2046,221.696,213.981,219.999,1.128,-1.624,A,GBP,S
825,Quimba,YLTJ5183,1.599,03/26/2031,156.455,152.152,152.239,1.602,3.935,AAA,INR,A
826,Flashset,VET52983,0.983,10/12/2042,384.333,353.125,381.212,0.984,9.482,BBB,INR,A
827,Quimba,GHS46928,0.413,08/24/2043,189.838,174.765,177.327,0.413,5.684,A,EUR,Q
828,Realblab,QPR200161,2.435,08/08/2023,188.326,174.616,188.189,2.441,7.714,A,GBP,S
829,Bubbletube,PWG68040,4.821,10/17/2028,445.831,437.672,438.651,4.844,-22.407,BBB,GBP,S
830,Skimia,TGU484385,2.56,03/08/2045,46.638,44.297,45.421,2.567,-0.53,CCB,GBP,A
831,Dablist,IRFHN1027,3.736,07/28/2033,284.613,277.128,282.442,3.75,10.806,B,EUR,S
832,Eabox,LFUP769,1.934,03/30/2036,120.388,109.902,116.718,1.938,-23.705,A,EUR,A
833,Layo,IBS36170,3.333,09/19/2042,467.852,437.582,444.241,3.344,6.764,AA,INR,A
834,Browseblab,IVJT5643,2.209,04/28/2038,40.964,40.653,40.702,2.214,-0.008,AA,EUR,A
835,Jatri,UDG07798,1.483,10/06/2019,28.748,26.376,27.064,1.485,2.121,B,INR,Q
836,Jabbercube,OYB788,4.214,09/13/2034,195.606,186.784,187.313,4.232,25.864,AA,INR,S
837,Tagpad,LKUF404,4.476,06/08/2044,135.538,124.966,131.944,4.496,0.438,BBB,GBP,S
838,Realcube,ABUR506,3.345,03/01/2020,458.911,430.459,456.35,3.356,78.758,BBB,INR,Q
839,Tambee,QVDSZ2891,4.979,10/18/2026,205.82,187.214,197.447,5.004,29.991,BB,EUR,A
840,Shufflester,XCI706,4.678,07/04/2025,38.404,37.329,37.974,4.7,-3.979,CCB,INR,S
841,Topicblab,JYCGQ11069,2.878,09/04/2047,440.043,439.515,439.742,2.886,-0.19,A,GBP,A
842,Trudeo,ZLMFW078076,4.553,02/21/2046,271.136,248.198,268.383,4.574,20.231,AAA,EUR,Q
843,Avaveo,FLBZV774344,1.93,07/26/2031,384.146,346.269,364.829,1.934,-21.259,C,EUR,A
844,Tagfeed,WMU356354,0.674,01/11/2036,67.969,62.973,67.27,0.674,-2.172,AA,INR,Q
845,Thoughtsphere,FTLKH327026,4.982,05/15/2022,301.075,300.684,300.918,5.007,11.886,CCB,EUR,S
846,Trilia,XZW794429,4.906,02/09/2050,307.75,302.457,307.009,4.93,-46.489,BB,GBP,A
847,Quinu,ONUX111625,4.685,09/18/2038,447.451,443.737,443.811,4.707,29.757,A,INR,A
848,Blogpad,XWVH2065,2.383,01/08/2043,184.842,177.19,180.404,2.389,-3.348,AA,USD,A
849,Dynabox,SRV82667,4.865,11/13/2030,186.697,173.255,182.53,4.889,2.512,CCB,EUR,A
850,Mydeo,DGX73343,0.701,08/11/2050,17.475,16.823,17.025,0.701,0.864,AAA,GBP,A
851,Zava,YVBO870231,3.917,09/15/2022,436.844,423.957,427.179,3.932,-1.5,BB,INR,S
852,Dabfeed,ZNM20156,2.23,11/03/2028,104.022,97.677,100.849,2.235,2.678,AA,GBP,S
853,Feedmix,SQCDN02880,1.702,12/01/2033,386.551,375.225,379.189,1.705,2.575,A,USD,Q
854,Oloo,YJO9125,1.422,11/12/2047,180.331,163.163,178.958,1.424,4.931,B,EUR,Q
855,Dynabox,HCGJK149629,0.712,10/11/2020,293.065,280.668,289.718,0.713,13.346,BBB,INR,S
856,Yambee,KXQNZ96961,2.501,09/03/2044,186.456,185.43,186.456,2.507,-0.129,C,EUR,S
857,Thoughtstorm,LZFRE040,2.76,05/25/2048,56.431,54.772,55.552,2.768,0.044,A,GBP,Q
858,Eire,LTXN24282,0.693,11/07/2027,66.619,63.501,64.561,0.693,-1.914,CCB,EUR,S
859,Youspan,PLM644809,4.345,12/19/2034,36.067,34.761,35.989,4.364,0.305,BB,INR,A
860,Vinder,UENX662,3.925,02/21/2040,285.794,277.706,279.89,3.94,12.855,CC,EUR,S
861,Thoughtmix,FPQ8140,2.864,01/10/2043,492.046,449.582,486.526,2.872,-13.854,BB,USD,A
862,Voolith,PSNO4637,2.415,12/10/2046,20.673,18.848,20.582,2.421,2.243,A,GBP,Q
863,Avavee,ILSAK937,3.422,05/02/2034,303.669,276.4,284.035,3.434,45.516,B,EUR,S
864,Feedfire,ODL686,3.883,12/22/2025,392.901,379.7,388.941,3.898,-0.658,AA,GBP,A
865,Buzzshare,GTHI860,0.69,07/15/2029,287.891,284.839,287.403,0.69,8.514,CC,USD,Q
866,Shufflester,VHDMX361740,1.049,03/08/2021,255.236,232.571,236.197,1.05,-44.644,CCB,GBP,A
867,Abatz,TSR434,4.18,02/14/2038,109.703,108.869,109.194,4.197,10.876,AA,GBP,A
868,Kimia,SDLBY241132,2.143,05/20/2043,415.963,387.47,406.275,2.148,-22.123,BBB,GBP,S
869,Jabbercube,QVC828,2.141,05/12/2027,456.633,417.134,450.708,2.146,-19.554,CCC,INR,A
870,Realpoint,JNEBG9348,1.552,05/27/2030,111.982,107.447,110.168,1.554,23.267,AA,INR,A
871,Ntags,JKOT234,1.866,11/24/2040,449.565,422.231,426.878,1.869,44.204,C,GBP,A
872,Livefish,WBY08007,1.193,10/08/2038,155.441,147.374,147.374,1.194,-6.665,CCC,INR,S
873,Oozz,VBUM442,4.512,11/04/2049,66.471,63.227,63.227,4.532,-2.709,B,USD,A
874,Feedfish,XES057283,3.507,02/10/2039,213.139,202.098,212.477,3.519,21.419,A,GBP,Q
875,Yabox,ETD2212,4.324,12/12/2040,175.432,158.187,164.74,4.343,-2.068,AA,EUR,Q
876,Flipbug,CEFAL646225,1.974,11/20/2037,436.035,406.036,408.736,1.978,-12.176,BB,GBP,Q
877,Vinder,QPGM6127,3.708,12/01/2044,443.963,400.366,430.884,3.722,-40.735,BB,EUR,S
878,Tagopia,EQNHA60339,2.13,01/28/2023,378.853,351.159,355.59,2.135,25.16,AAA,INR,S
879,Rhycero,OGH6424,0.393,01/25/2025,28.277,27.053,27.653,0.393,2.327,AAA,INR,Q
880,Centizu,MNXG8440,3.399,09/13/2048,195.393,183.708,195.276,3.411,-17.681,BB,EUR,A
881,Aibox,DKBZP108,1.844,10/17/2037,245.498,236.12,236.87,1.847,-0.05,BB,GBP,Q
882,Wordify,SEQ2751,1.477,02/15/2033,217.937,216.76,217.019,1.479,12.255,B,USD,Q
883,Dynabox,OMH390846,3.485,12/29/2045,394.958,378.33,389.803,3.497,36.324,AAA,USD,S
884,Jabbercube,AFH46747,2.479,05/21/2019,445.999,407.42,434.04,2.485,15.916,AA,GBP,S
885,Mybuzz,AGUFE6430,1.45,04/17/2019,148.105,143.069,146.393,1.452,0.796,BBB,EUR,A
886,Aivee,ECYT298,1.732,01/07/2034,433.049,397.409,409.883,1.735,6.131,C,USD,A
887,Skyndu,EPVO05782,1.617,04/06/2047,170.369,159.772,168.673,1.62,-8.661,AA,USD,A
888,Skilith,SGL316,2.784,03/19/2048,356.023,350.469,350.525,2.792,-35.81,A,GBP,A
889,Gabtype,TABM77727,0.659,04/25/2040,348.133,333.511,334.242,0.659,6.377,A,INR,A
890,Yombu,ZYME932,3.086,06/08/2037,295.644,267.114,294.218,3.096,20.64,A,USD,Q
891,Dabvine,QEJMG763,4.444,09/20/2047,485.054,440.332,467.165,4.464,32.866,BB,GBP,S
892,Livefish,ZBS1093,0.325,04/08/2025,29.73,29.632,29.713,0.325,-0.658,CCC,INR,A
893,Ooba,CNDL787,2.958,12/02/2039,183.326,166.332,172.62,2.967,3.811,BB,GBP,A
894,Vimbo,HGF087,2.234,06/11/2032,190.78,181.565,184.975,2.239,-17.09,BB,GBP,S
895,Quire,AFTXO319246,2.708,08/13/2045,128.352,123.321,125.484,2.715,-3.165,BBB,USD,S
896,Mydeo,TWZ66748,4.014,08/20/2047,435.055,410.822,428.512,4.03,2.61,CC,EUR,S
897,Trupe,IABSO4949,2.754,04/30/2021,255.619,234.709,245.164,2.762,-0.2,A,USD,S
898,Oyope,VTGAM571,2.077,10/09/2025,195.483,194.603,195.325,2.081,-12.504,A,GBP,Q
899,Jabberbean,GXWU7551,1.879,06/13/2050,283.009,256.434,272.645,1.883,-70.145,B,USD,A
900,Edgetag,EGCBQ548,2.466,02/15/2030,182.925,175.828,181.151,2.472,1.991,AAA,INR,Q
901,Oyondu,JVGKY312,1.005,02/25/2034,239.933,224.025,227.684,1.006,0.105,B,EUR,Q
902,Flipbug,PIL95662,2.815,03/26/2039,388.423,358.903,360.084,2.823,-2.555,AA,INR,S
903,Kimia,SPV77250,4.233,03/21/2047,407.386,377.606,394.581,4.251,21.2,AAA,USD,Q
904,Aimbo,DOV110,4.523,02/06/2031,305.252,278.176,300.92,4.543,32.322,B,USD,Q
905,Realbridge,ZPIU29652,0.075,05/09/2019,368.159,367.864,367.9,0.075,-10.682,AA,USD,S
906,Talane,RDKZ717625,2.968,11/23/2045,56.707,53.22,56.184,2.977,-2.013,CCB,EUR,A
907,Chatterpoint,CDXFZ9805,3.663,12/27/2045,169.21,160.123,166.484,3.676,-1.367,A,GBP,S
908,Fivespan,AFNXK71944,1.344,01/03/2036,177.536,164.097,177.402,1.346,49.636,AA,INR,A
909,Aimbo,NPH1462,3.608,05/17/2025,341.581,341.41,341.53,3.621,0.587,AA,GBP,A
910,Blogtags,XVOPD414,3.039,04/09/2042,192.135,189.656,190.673,3.048,-23.462,CCC,USD,Q
911,Blogpad,PXB322921,2.469,01/03/2048,438.122,397.158,411.905,2.475,6.09,A,GBP,S
912,Babbleblab,DIG44707,1.47,06/19/2042,381.403,361.189,369.072,1.472,-0.921,B,INR,A
913,Realblab,CBL737299,2.996,02/25/2021,298.322,288.567,294.615,3.005,4.285,A,USD,Q
914,Dabjam,HTB56184,0.386,12/16/2038,131.937,119.575,120.564,0.386,-28.514,AA,USD,Q
915,Ntag,YIA175,0.824,04/25/2049,389.733,379.171,388.149,0.825,21.68,AA,EUR,Q
916,Oozz,FEQ212711,0.5,09/16/2042,431.23,408.03,411.046,0.5,-12.79,BB,INR,S
917,Browsedrive,GFY4611,2.351,07/16/2042,409.418,374.044,388.194,2.357,-48.66,AA,INR,A
918,Latz,WAYHU441,2.11,06/26/2020,145.916,140.809,143.311,2.114,-0.088,AAA,INR,Q
919,Myworks,MVXHE643893,0.554,12/04/2033,319.479,311.652,315.174,0.554,28.986,AA,GBP,A
920,Shufflester,ADJQL2516,4.313,05/21/2036,226.384,203.972,225.039,4.332,3.255,CC,EUR,S
921,Skidoo,GWEXZ7812,3.674,01/04/2025,247.344,236.906,237.01,3.687,-13.854,A,USD,Q
922,Topiczoom,DBQLY93874,1.59,04/30/2031,387.287,362.656,382.607,1.593,11.814,A,USD,S
923,Geba,VPHA360050,0.24,01/23/2047,171.21,156.298,160.622,0.24,4.697,BB,USD,S
924,Quimba,WSDYC22295,2.605,04/25/2039,166.853,161.147,162.174,2.612,-8.964,BB,USD,A
925,Latz,QVBKI7833,0.749,12/19/2028,42.734,40.516,41.115,0.75,-0.114,B,EUR,S
926,Demimbu,RSL09100,3.285,04/18/2031,161.146,147.287,149.228,3.296,-1.639,AAA,INR,A
927,Flashspan,GNA480787,4.828,01/18/2050,69.122,66.468,67.928,4.851,0.417,A,USD,S
928,Buzzshare,CVZ443532,2.875,07/12/2050,455.254,436.725,438.393,2.883,-33.232,BBB,INR,A
929,Realpoint,DCM03613,1.066,02/21/2041,499.316,474.65,483.776,1.067,-9.03,AA,USD,Q
930,Quamba,QGTL8545,3.683,11/01/2021,147.817,133.804,140.25,3.697,-7.274,CCB,EUR,Q
931,DabZ,QPS786064,2.211,05/16/2024,163.153,150.215,156.684,2.216,-6.565,A,USD,S
932,Npath,KVCM19443,4.319,10/19/2029,384.42,369.12,383.043,4.338,-9.527,AA,GBP,A
933,Meevee,JNBG973497,3.465,08/08/2043,60.288,57.563,57.972,3.477,0.228,AA,USD,Q
934,Jaloo,JQW28905,1.248,08/19/2050,336.876,328.959,332.284,1.25,-1.349,B,EUR,Q
935,Dabvine,RWFKM6889,4.809,06/26/2042,327.592,303.711,310.159,4.832,-11.004,C,INR,Q
936,Wikido,DMFST036583,3.367,11/15/2027,490.371,451.926,464.613,3.378,194.82,BB,GBP,Q
937,Tagchat,GKSEY85839,1.617,01/05/2046,423.067,416.848,421.388,1.62,18.575,BBB,INR,S
938,Oozz,UNYG471,3.535,07/13/2031,295.526,282.612,285.453,3.547,9.826,AA,GBP,A
939,Eayo,VXW284175,3.752,01/31/2049,140.534,130.753,134.176,3.766,-3.603,BB,INR,Q
940,Trilith,DCKL0676,1.585,10/16/2021,483.955,445.287,465.781,1.588,8.112,AA,INR,A
941,Babbleblab,IRA864359,1.352,10/19/2038,322.214,301.206,303.937,1.354,5.098,A,USD,S
942,Oloo,DNRM293407,4.429,10/06/2019,284.414,258.731,273.114,4.449,1.593,CC,USD,Q
943,Minyx,JOYP6251,0.503,09/19/2024,171.708,165.853,166.848,0.503,-0.665,AA,USD,A
944,Wordtune,RNLYM997,3.794,02/28/2045,64.087,60.883,61.812,3.808,-1.069,AAA,GBP,S
945,Yoveo,RXJ539440,0.912,06/27/2049,416.768,394.304,402.616,0.913,16.828,A,INR,S
946,Brightbean,LBKA067596,2.521,12/26/2037,161.042,147.885,152.753,2.527,11.051,AA,EUR,Q
947,Wikizz,OJG484074,4.902,11/24/2035,178.055,166.428,176.543,4.926,-5.492,BB,EUR,Q
948,Bubbletube,HBJ06793,4.382,08/01/2047,78.55,72.572,75.621,4.401,0.454,AAA,GBP,Q
949,Blogtag,ECBI461,4.654,09/27/2034,265.402,248.177,257.134,4.676,-21.369,C,INR,S
950,Gabspot,YUFR71280,1.516,10/04/2035,496.631,477.064,496.435,1.518,-33.137,AAA,USD,A
951,Roombo,LHQ0162,3.914,04/22/2042,87.285,84.614,87.178,3.929,-0.39,BB,EUR,A
952,Zoomlounge,HKWLB197,3.648,11/22/2034,239.168,223.192,229.263,3.661,1.281,AA,USD,Q
953,Vinder,ALIW95461,0.239,08/25/2039,420.013,387.294,402.999,0.239,-40.753,CC,GBP,Q
954,Ooba,XIUT9280,3.95,12/06/2023,49.487,44.989,45.978,3.966,-0.7,BB,EUR,S
955,Twitterbridge,CFIA770317,4.949,03/12/2028,445.173,410.539,416.08,4.973,58.217,AA,INR,A
956,Abata,IDVAN985623,3.738,05/23/2026,218.992,204.451,209.977,3.752,-25.099,CCB,INR,A
957,Twitterbridge,GUVAN93463,4.846,05/05/2034,327.126,308.513,317.075,4.869,0.781,AA,GBP,A
958,Devpoint,NZX731909,4.512,11/18/2028,197.907,193.553,195.643,4.532,-2.025,CCC,INR,S
959,Topdrive,WPOH602350,2.325,10/07/2019,327.81,326.4,327.19,2.33,0,A,INR,S
960,Blognation,VFO229590,0.581,06/20/2040,171.148,162.95,169.754,0.581,-0.858,B,GBP,Q
961,Vinder,SUODY6541,0.278,08/30/2034,351.747,337.255,344.936,0.278,-0.19,B,USD,Q
962,Tagpad,LABEZ119521,0.643,09/13/2021,279.99,252.355,267.278,0.643,-2.719,C,INR,A
963,Tagtune,EDUT28786,0.455,03/03/2033,302.623,295.3,297.423,0.455,3.707,AAA,GBP,S
964,Wikivu,QJKVE651,3.39,09/10/2024,246.486,242.296,244.265,3.401,10.426,AA,GBP,S
965,Voonder,XJW96204,3.873,03/06/2022,459.353,437.028,452.656,3.888,-59.866,B,INR,A
966,Bubbletube,HCA574,2.457,03/18/2031,238.278,217.81,228.863,2.463,6.275,A,USD,Q
967,Vidoo,HFJX654,3.757,06/01/2027,204.448,199.459,201.455,3.771,-1.98,A,USD,Q
968,Yabox,IELC916,1.79,02/17/2037,432.73,403.348,417.451,1.793,61.509,AAA,EUR,Q
969,Skyba,VDEG732,2.93,02/07/2025,475.16,441.424,461.328,2.939,27.275,B,EUR,A
970,Dynava,UDB6431,2.756,09/15/2037,294.493,284.038,290.625,2.764,0.075,CC,INR,S
971,Skyble,YCXAV22601,3.842,04/16/2046,22.293,20.695,21.142,3.857,-5.577,A,USD,A
972,Realfire,EOY9620,0.792,10/05/2033,84.409,77.623,82.645,0.793,-0.108,A,GBP,S
973,Tazz,HKJMQ776,3.652,10/18/2026,408.774,379.669,394.222,3.665,-0.543,AAA,EUR,S
974,Pixope,LVASY2010,1.573,01/06/2050,462.191,452.993,462.007,1.575,72.033,AA,INR,S
975,Yakijo,STAF35113,1.672,06/22/2030,214.494,213.25,213.785,1.675,8.419,A,GBP,A
976,Pixoboo,NYIUC00182,0.359,05/08/2030,250.331,227.701,234.49,0.359,18.733,B,USD,Q
977,Photobug,SHG062372,3.007,08/02/2036,73.764,73.498,73.589,3.016,0.211,B,EUR,S
978,Blogtags,QEZ63051,4.525,02/14/2031,306.627,277.007,279.673,4.545,0.478,BBB,GBP,S
979,Zoombeat,EQR4744,2.565,07/06/2047,353.684,332.463,334.161,2.572,-21.745,CCB,EUR,S
980,Yoveo,RUL75474,0.062,03/04/2024,50.903,50.287,50.54,0.062,0.754,BB,GBP,A
981,Linkbuzz,TBNL1240,3.869,09/05/2038,290.215,286.181,287.754,3.884,-14.73,CCC,INR,Q
982,Divavu,EBJIY4175,4.638,10/14/2047,35.613,32.465,33.756,4.66,-1.022,A,EUR,S
983,Youtags,VRCM37998,2.32,11/02/2032,447.244,433.424,440.61,2.325,4.191,BBB,GBP,S
984,Twitterwire,YGEK89841,2.404,02/20/2042,25.927,24.828,25.564,2.41,0.837,AA,INR,Q
985,Skinte,ORQ298,0.154,03/17/2043,353.428,337.665,349.803,0.154,-14.549,CC,GBP,Q
986,Teklist,JYPH89362,4.942,08/05/2044,385.303,384.224,384.397,4.966,7.597,BB,USD,Q
987,Agivu,XDKRH758,4.266,11/20/2043,130.55,130.393,130.406,4.284,-6.791,BBB,EUR,S
988,Quaxo,MVI76479,4.204,11/03/2035,233.067,232.251,232.627,4.222,8.779,B,INR,S
989,Flipstorm,PWJI891258,4.354,05/26/2039,475.157,430.302,454.075,4.373,11.835,B,EUR,S
990,Voolith,NDJTY2796,2.566,05/28/2038,282.235,261.011,262.921,2.573,-44.41,A,USD,S
991,Tagchat,ZDN440,0.096,03/30/2040,47.25,43.801,46.008,0.096,5.696,AA,EUR,Q
992,Teklist,GAJ15452,0.036,12/20/2049,110.456,103.066,106.318,0.036,0.451,BBB,USD,Q
993,Kazu,ZPXCE3387,2.533,09/29/2048,54.389,53.769,53.788,2.539,11.357,CCB,EUR,Q
994,Youfeed,BVA26431,0.732,06/08/2037,49.1,46.336,48.658,0.733,1.23,B,INR,A
995,Omba,DSZB953,2.293,10/28/2040,488.053,460.478,461.857,2.298,4.897,CC,GBP,S
996,Gabspot,NLBT9952,0.261,12/08/2022,88.378,81.423,84.205,0.261,7.233,CCB,EUR,A
997,Devcast,NVH0670,0.079,08/04/2028,247.755,245.054,247.728,0.079,-6.979,CCB,EUR,Q
998,Mudo,SAW27568,0.491,07/09/2024,156.855,149.483,151.326,0.491,0.715,CC,GBP,A
999,Rhynoodle,ZHR4923,0.35,09/11/2021,378.3,342.021,364.514,0.35,-27.143,BBB,INR,Q
1000,Zoomdog,EKU8047,3.408,10/09/2040,466.129,459.883,464.005,3.42,30.215,BBB,INR,Q
