-- MySQL dump 10.13  Distrib 5.6.23, for Win64 (x86_64)
--
-- Host: localhost    Database: mydatabase
-- ------------------------------------------------------
-- Server version	5.6.25-log

/*!40101 SET @OLD_CHARACTER_SET_CLIENT=@@CHARACTER_SET_CLIENT */;
/*!40101 SET @OLD_CHARACTER_SET_RESULTS=@@CHARACTER_SET_RESULTS */;
/*!40101 SET @OLD_COLLATION_CONNECTION=@@COLLATION_CONNECTION */;
/*!40101 SET NAMES utf8 */;
/*!40103 SET @OLD_TIME_ZONE=@@TIME_ZONE */;
/*!40103 SET TIME_ZONE='+00:00' */;
/*!40014 SET @OLD_UNIQUE_CHECKS=@@UNIQUE_CHECKS, UNIQUE_CHECKS=0 */;
/*!40014 SET @OLD_FOREIGN_KEY_CHECKS=@@FOREIGN_KEY_CHECKS, FOREIGN_KEY_CHECKS=0 */;
/*!40101 SET @OLD_SQL_MODE=@@SQL_MODE, SQL_MODE='NO_AUTO_VALUE_ON_ZERO' */;
/*!40111 SET @OLD_SQL_NOTES=@@SQL_NOTES, SQL_NOTES=0 */;

--
-- Table structure for table `bookedbond`
--

DROP TABLE IF EXISTS `bookedbond`;
/*!40101 SET @saved_cs_client     = @@character_set_client */;
/*!40101 SET character_set_client = utf8 */;
CREATE TABLE `bookedbond` (
  `OrderId` int(11) NOT NULL AUTO_INCREMENT,
  `BondId` int(11) DEFAULT NULL,
  `BuySell` char(1) DEFAULT NULL,
  `Quantity` int(11) DEFAULT NULL,
  `PurchaseDate` date DEFAULT '2016-08-27',
  `BookedBy` int(11) DEFAULT NULL,
  PRIMARY KEY (`OrderId`),
  KEY `BondId` (`BondId`),
  KEY `BookedBy` (`BookedBy`),
  CONSTRAINT `bookedbond_ibfk_1` FOREIGN KEY (`BondId`) REFERENCES `ebond` (`BondId`)
) ENGINE=InnoDB AUTO_INCREMENT=276 DEFAULT CHARSET=utf8;
/*!40101 SET character_set_client = @saved_cs_client */;

--
-- Dumping data for table `bookedbond`
--

LOCK TABLES `bookedbond` WRITE;
/*!40000 ALTER TABLE `bookedbond` DISABLE KEYS */;
INSERT INTO `bookedbond` VALUES (1,26,'B',50,'2015-10-14',5),(2,917,'S',50,'2015-10-14',6),(3,52,'B',50,'2015-10-14',3),(4,340,'S',500,'2015-10-14',4),(5,388,'S',50,'2015-10-14',3),(6,931,'S',50,'2015-10-14',1),(7,950,'B',200,'2015-10-14',3),(8,342,'S',100,'2015-10-14',3),(9,422,'S',100,'2015-10-14',2),(10,774,'B',50,'2015-10-14',6),(11,681,'B',200,'2015-10-14',6),(12,297,'S',100,'2015-10-14',6),(13,744,'S',1000,'2015-10-14',6),(14,554,'S',200,'2015-10-14',6),(15,469,'B',100,'2015-10-14',3),(16,724,'B',500,'2015-10-14',6),(17,94,'S',1000,'2015-10-14',5),(18,259,'B',200,'2015-10-14',1),(19,595,'S',100,'2015-10-14',3),(20,804,'S',200,'2015-10-14',1),(21,78,'S',1000,'2015-10-14',4),(22,244,'B',500,'2015-10-14',1),(23,933,'B',500,'2015-10-14',3),(24,32,'S',100,'2015-10-14',6),(25,485,'S',1000,'2015-10-14',2),(26,57,'B',100,'2015-10-14',5),(27,722,'B',1000,'2015-10-14',4),(28,697,'B',200,'2015-10-14',6),(29,911,'B',1000,'2015-10-14',4),(30,518,'B',50,'2015-10-14',1),(31,592,'B',50,'2015-10-14',5),(32,742,'B',1000,'2015-10-14',6),(33,387,'B',50,'2015-10-14',1),(34,419,'S',50,'2015-10-14',3),(35,598,'B',200,'2015-10-14',6),(36,429,'S',50,'2015-10-14',4),(37,613,'B',50,'2015-10-14',2),(38,330,'B',1000,'2015-10-14',3),(39,575,'B',100,'2015-10-14',2),(40,863,'S',1000,'2015-10-14',1),(41,942,'B',100,'2015-10-14',6),(42,982,'S',100,'2015-10-14',1),(43,347,'B',1000,'2015-10-14',6),(44,1000,'S',200,'2015-10-14',6),(45,823,'B',100,'2015-10-14',6),(46,974,'S',100,'2015-10-14',2),(47,523,'B',50,'2015-10-14',2),(48,87,'S',200,'2015-10-14',2),(49,800,'S',100,'2015-10-14',5),(50,655,'S',200,'2015-10-14',1),(51,250,'B',200,'2015-10-14',1),(52,396,'B',50,'2015-10-14',1),(53,881,'B',100,'2015-10-14',6),(54,410,'B',100,'2015-10-14',4),(55,802,'S',200,'2015-10-14',5),(56,14,'S',50,'2015-10-14',4),(57,868,'S',500,'2015-10-14',1),(58,2,'B',50,'2015-10-14',2),(59,445,'S',1000,'2015-10-14',5),(60,452,'B',200,'2015-10-14',1),(61,140,'B',100,'2015-10-14',6),(62,164,'S',500,'2015-10-14',3),(63,100,'S',50,'2015-10-14',3),(64,375,'B',100,'2015-10-14',6),(65,988,'S',200,'2015-10-14',3),(66,168,'B',500,'2015-10-14',2),(67,421,'B',500,'2015-10-14',1),(68,600,'S',1000,'2015-10-14',5),(69,705,'B',200,'2015-10-14',3),(70,731,'B',100,'2015-10-14',4),(71,24,'S',100,'2015-10-14',6),(72,870,'B',200,'2015-10-14',4),(73,397,'S',100,'2015-10-14',2),(74,565,'B',50,'2015-10-14',3),(75,837,'B',1000,'2015-10-14',3),(76,896,'B',500,'2015-10-14',6),(77,110,'S',500,'2015-10-14',4),(78,893,'S',200,'2015-10-14',6),(79,941,'S',1000,'2015-10-14',6),(80,947,'B',100,'2015-10-14',3),(81,225,'S',50,'2015-10-14',6),(82,989,'S',500,'2015-10-14',6),(83,467,'S',1000,'2015-10-14',6),(84,253,'B',100,'2015-10-14',6),(85,761,'B',100,'2015-10-14',5),(86,357,'B',50,'2015-10-14',1),(87,741,'S',100,'2015-10-14',6),(88,624,'B',1000,'2015-10-14',5),(89,967,'B',100,'2015-10-14',3),(90,102,'S',1000,'2015-10-14',3),(91,546,'S',100,'2015-10-14',4),(92,717,'S',200,'2015-10-14',4),(93,973,'S',100,'2015-10-14',4),(94,833,'B',50,'2015-10-14',4),(95,23,'S',200,'2015-10-14',4),(96,389,'S',500,'2015-10-14',6),(97,650,'S',500,'2015-10-14',1),(98,836,'S',1000,'2015-10-14',4),(99,265,'B',100,'2015-10-14',4),(100,93,'B',1000,'2015-10-14',4),(101,311,'B',200,'2015-10-14',5),(102,63,'S',50,'2015-10-14',6),(103,883,'B',1000,'2015-10-14',2),(104,157,'B',500,'2015-10-14',3),(105,780,'B',100,'2015-10-14',3),(106,165,'S',200,'2015-10-14',4),(107,949,'S',100,'2015-10-14',1),(108,373,'S',50,'2015-10-14',4),(109,720,'B',1000,'2015-10-14',3),(110,805,'S',500,'2015-10-14',1),(111,878,'B',200,'2015-10-14',5),(112,126,'B',1000,'2015-10-14',1),(113,701,'S',1000,'2015-10-14',4),(114,718,'S',200,'2015-10-14',4),(115,725,'S',500,'2015-10-14',5),(116,767,'B',100,'2015-10-14',4),(117,424,'B',100,'2015-10-14',2),(118,594,'S',50,'2015-10-14',5),(119,930,'S',50,'2015-10-14',1),(120,31,'B',100,'2015-10-14',1),(121,524,'B',200,'2015-10-14',2),(122,117,'B',100,'2015-10-14',5),(123,125,'B',1000,'2015-10-14',6),(124,232,'B',500,'2015-10-14',3),(125,466,'S',1000,'2015-10-14',4),(126,978,'B',500,'2015-10-14',2),(127,998,'B',100,'2015-10-14',3),(128,292,'B',200,'2015-10-14',5),(129,910,'B',200,'2015-10-14',4),(130,349,'B',100,'2015-10-14',4),(131,288,'S',1000,'2015-10-14',6),(132,985,'B',50,'2015-10-14',5),(133,294,'B',100,'2015-10-14',2),(134,517,'S',200,'2015-10-14',5),(135,238,'S',100,'2015-10-14',5),(136,454,'S',50,'2015-10-14',1),(137,537,'B',50,'2015-10-14',5),(138,266,'S',1000,'2015-10-14',4),(139,141,'B',200,'2015-10-14',4),(140,564,'B',100,'2015-10-14',2),(141,203,'S',200,'2015-10-14',5),(142,643,'S',1000,'2015-10-14',6),(143,651,'B',100,'2015-10-14',4),(144,208,'B',50,'2015-10-14',4),(145,638,'B',50,'2015-10-14',4),(146,394,'B',50,'2015-10-14',2),(147,407,'B',500,'2015-10-14',1),(148,74,'S',1000,'2015-10-14',2),(149,521,'B',1000,'2015-10-14',4),(150,585,'B',200,'2015-10-14',6),(151,489,'S',1000,'2015-10-14',1),(152,603,'B',50,'2015-10-14',4),(153,995,'S',200,'2015-10-14',4),(154,551,'B',1000,'2015-10-14',1),(155,242,'B',1000,'2015-10-14',3),(156,828,'S',1000,'2015-10-14',3),(157,400,'S',50,'2015-10-14',3),(158,269,'B',200,'2015-10-14',6),(159,545,'B',500,'2015-10-14',1),(160,382,'B',500,'2015-10-14',5),(161,699,'S',1000,'2015-10-14',4),(162,331,'S',500,'2015-10-14',6),(163,475,'B',200,'2015-10-14',5),(164,310,'B',100,'2015-10-14',2),(165,175,'B',1000,'2015-10-14',5),(166,448,'S',1000,'2015-10-14',2),(167,832,'B',100,'2015-10-14',1),(168,284,'B',50,'2015-10-14',3),(169,427,'S',200,'2015-10-14',4),(170,365,'S',100,'2015-10-14',5),(171,886,'S',500,'2015-10-14',5),(172,668,'B',1000,'2015-10-14',4),(173,756,'B',200,'2015-10-14',1),(174,233,'S',100,'2015-10-14',4),(175,353,'B',100,'2015-10-14',5),(176,839,'S',1000,'2015-10-14',1),(177,645,'B',100,'2015-10-14',1),(178,172,'S',50,'2015-10-14',1),(179,851,'B',1000,'2015-10-14',3),(180,706,'B',500,'2015-10-14',5),(181,262,'S',200,'2015-10-14',4),(182,766,'B',200,'2015-10-14',6),(183,838,'B',1000,'2015-10-14',2),(184,249,'B',100,'2015-10-14',6),(185,240,'B',500,'2015-10-14',5),(186,855,'S',100,'2015-10-14',2),(187,451,'B',500,'2015-10-14',6),(188,867,'S',200,'2015-10-14',5),(189,229,'S',50,'2015-10-14',2),(190,235,'B',500,'2015-10-14',6),(191,333,'B',200,'2015-10-14',5),(192,406,'S',200,'2015-10-14',5),(193,191,'S',50,'2015-10-14',5),(194,412,'S',50,'2015-10-14',2),(195,346,'B',500,'2015-10-14',5),(196,932,'S',100,'2015-10-14',4),(197,936,'B',100,'2015-10-14',3),(198,1,'S',1000,'2015-10-14',2),(199,797,'S',100,'2015-10-14',2),(200,220,'S',100,'2015-10-14',5),(256,27,'S',50,'2016-07-14',4),(257,28,'S',15,'2016-07-14',6),(259,29,'B',45,'2016-07-14',3),(260,30,'B',35,'2016-07-14',4),(261,30,'B',35,'2016-07-14',3),(262,229,'B',23,'2016-07-10',7),(264,12,'B',100,'2016-07-10',10),(265,64,'B',100,'2016-07-10',10),(266,30,'B',70,'2016-07-10',10),(267,3,'S',120,'2016-07-05',6),(268,4,'B',20,'2016-07-05',6),(269,747,'B',123,'2016-07-05',5),(270,94,'B',25,'2016-07-05',6),(271,6,'S',50,'2016-07-05',5),(272,64,'B',55,'2016-07-16',11),(273,505,'B',60,'2016-07-16',6),(274,30,'S',50,'2016-07-16',6),(275,633,'B',25,'2016-07-16',6);
/*!40000 ALTER TABLE `bookedbond` ENABLE KEYS */;
UNLOCK TABLES;

--
-- Table structure for table `categories`
--

DROP TABLE IF EXISTS `categories`;
/*!40101 SET @saved_cs_client     = @@character_set_client */;
/*!40101 SET character_set_client = utf8 */;
CREATE TABLE `categories` (
  `CategoryID` int(11) NOT NULL AUTO_INCREMENT,
  `CategoryName` varchar(15) NOT NULL,
  `Description` varchar(100) NOT NULL,
  PRIMARY KEY (`CategoryID`)
) ENGINE=InnoDB AUTO_INCREMENT=6 DEFAULT CHARSET=utf8;
/*!40101 SET character_set_client = @saved_cs_client */;

--
-- Dumping data for table `categories`
--

LOCK TABLES `categories` WRITE;
/*!40000 ALTER TABLE `categories` DISABLE KEYS */;
INSERT INTO `categories` VALUES (1,'Sports','Sportswear and equipment'),(2,'SmallElectrical','TVs, audio/video accessories, small kitchen appliances'),(3,'Food','All food/drink products'),(4,'Furniture','All household furniture'),(5,'Auto','Cars, vans, and motor bikes');
/*!40000 ALTER TABLE `categories` ENABLE KEYS */;
UNLOCK TABLES;

--
-- Table structure for table `contracts`
--

DROP TABLE IF EXISTS `contracts`;
/*!40101 SET @saved_cs_client     = @@character_set_client */;
/*!40101 SET character_set_client = utf8 */;
CREATE TABLE `contracts` (
  `EmployeeID` int(11) NOT NULL,
  `StartDate` date NOT NULL,
  `StartSalary` double NOT NULL,
  PRIMARY KEY (`EmployeeID`)
) ENGINE=InnoDB DEFAULT CHARSET=utf8;
/*!40101 SET character_set_client = @saved_cs_client */;

--
-- Dumping data for table `contracts`
--

LOCK TABLES `contracts` WRITE;
/*!40000 ALTER TABLE `contracts` DISABLE KEYS */;
INSERT INTO `contracts` VALUES (1,'2008-01-01',10000),(2,'2009-01-02',20000),(3,'2009-01-03',30000),(4,'2009-01-04',40000),(5,'2009-01-05',50000),(6,'2009-01-06',60000),(7,'2009-01-07',70000),(8,'2009-01-08',80000),(9,'2009-01-09',90000);
/*!40000 ALTER TABLE `contracts` ENABLE KEYS */;
UNLOCK TABLES;

--
-- Table structure for table `ebond`
--

DROP TABLE IF EXISTS `ebond`;
/*!40101 SET @saved_cs_client     = @@character_set_client */;
/*!40101 SET character_set_client = utf8 */;
CREATE TABLE `ebond` (
  `BondId` int(11) NOT NULL AUTO_INCREMENT,
  `ISIN` varchar(20) DEFAULT NULL,
  `IssuedBy` varchar(50) DEFAULT NULL,
  `IssueDate` date DEFAULT '2000-01-01',
  `FaceValue` int(11) DEFAULT '100',
  `CouponRate` double DEFAULT NULL,
  `CouponFrequency` varchar(1) DEFAULT NULL,
  `MaturityDate` date DEFAULT NULL,
  `LastPrice` double DEFAULT NULL,
  `High` double DEFAULT NULL,
  `Low` double DEFAULT NULL,
  `ChangeInPrice` double DEFAULT NULL,
  `Yeild` double DEFAULT NULL,
  `CreditRating` varchar(10) DEFAULT NULL,
  `Currency` varchar(5) DEFAULT NULL,
  `SettlementDays` int(11) DEFAULT NULL,
  PRIMARY KEY (`BondId`)
) ENGINE=InnoDB AUTO_INCREMENT=1001 DEFAULT CHARSET=utf8;
/*!40101 SET character_set_client = @saved_cs_client */;

--
-- Dumping data for table `ebond`
--

LOCK TABLES `ebond` WRITE;
/*!40000 ALTER TABLE `ebond` DISABLE KEYS */;
INSERT INTO `ebond` VALUES (1,'UPB042','Buzzster','2000-01-20',100,1.995,'S','2040-01-20',304.562,328.153,302.229,-22.321,1.999,'A','INR',3),(2,'LXBC2328','Ntags','1989-07-06',100,0.827,'A','2029-07-06',256.874,270.955,246.677,3.281,0.828,'A','EUR',2),(3,'TYE047','Oyoba','1997-12-21',100,4.534,'S','2037-12-21',318.586,348.781,316.658,-9.819,4.555,'CCB','INR',3),(4,'QXG483018','Brightdog','2007-10-12',100,0.045,'Q','2047-10-12',131.631,133.497,127.276,2.235,0.045,'B','EUR',2),(5,'IPUVL586203','Centidel','1998-07-15',100,1.836,'A','2038-07-15',319.456,326.288,314.901,-0.419,1.839,'BBB','EUR',2),(6,'MVL18717','Einti','2008-08-11',100,4.125,'A','2048-08-11',413.776,441.714,409.601,-22.06,4.142,'AA','USD',3),(7,'KEVJT991','Zoovu','1996-02-07',100,4.681,'S','2036-02-07',26.559,27.139,26.48,0.497,4.703,'C','EUR',2),(8,'BTUP25396','Meezzy','1996-05-03',100,4.8,'A','2036-05-03',379.217,404.714,364.243,17.765,4.823,'A','USD',3),(9,'AVGS633','Skibox','1981-08-13',100,1.81,'Q','2021-08-13',369.986,379.138,362.191,-0.699,1.813,'BB','USD',3),(10,'WOGXL690268','Skimia','1986-09-03',100,4.723,'A','2026-09-03',240.413,241.853,238.854,3.774,4.745,'AAA','EUR',2),(11,'XTR08450','Skippad','1981-04-26',100,2.69,'S','2021-04-26',183.889,185.444,181.457,1.009,2.697,'A','GBP',2),(12,'VJWUG996','Tambee','1996-02-18',100,4.519,'S','2036-02-18',314.091,317.156,312.367,15.887,4.539,'AA','EUR',3),(13,'PNT997','Babblestorm','2006-07-21',100,2.744,'A','2046-07-21',243.414,253.945,235.788,-2.509,2.752,'BBB','GBP',2),(14,'QUTFV94596','Tambee','1994-01-09',100,2.609,'A','2034-01-09',327.06,327.836,318.132,-0.049,2.616,'CCB','INR',2),(15,'SRF588','Jaxspan','2009-03-05',100,4.022,'Q','2049-03-05',136.808,137.714,136.419,-28.109,4.038,'A','INR',3),(16,'IVYHR68541','BlogXS','1992-04-14',100,4.946,'Q','2032-04-14',121.4,125.046,120.119,-6.06,4.97,'B','INR',3),(17,'TJCH1498','Thoughtstorm','1989-10-08',100,2.51,'S','2029-10-08',53.011,53.47,52.604,8.81,2.516,'AA','USD',2),(18,'EYHU359489','Geba','2010-06-28',100,0.968,'A','2050-06-28',167.753,173.596,160.316,12.361,0.969,'C','INR',2),(19,'ZCL715175','Fanoodle','1984-04-29',100,0.113,'S','2024-04-29',81.952,86.354,81.769,-5.705,0.113,'AA','INR',3),(20,'ZVARE722550','Skyndu','1984-11-17',100,3.4,'Q','2024-11-17',104.674,107.009,103.895,-4.18,3.412,'BBB','INR',2),(21,'VEOQ198282','Eare','2009-03-02',100,0.063,'A','2049-03-02',250.152,250.557,240.434,-19.505,0.063,'AA','INR',2),(22,'WON590230','Flashdog','1996-03-20',100,2.243,'S','2036-03-20',283.822,284.045,282.454,2.609,2.248,'BB','INR',2),(23,'IQJ883878','Cogibox','2008-09-15',100,4.815,'S','2048-09-15',379.934,394.778,378.987,1.999,4.838,'B','GBP',3),(24,'ARE41764','Linktype','2007-08-29',100,3.824,'S','2047-08-29',209.591,218.197,208.073,9.66,3.839,'A','GBP',3),(25,'DGXCS522689','Skimia','1996-03-24',100,1.676,'S','2036-03-24',380.274,389.468,373.617,15.243,1.679,'AA','GBP',3),(26,'ATQOC282','Edgeclub','1991-01-31',100,1.068,'S','2031-01-31',228.986,243.738,224.068,0.314,1.069,'BB','EUR',3),(27,'BDY491992','Twimbo','1979-07-05',100,2.467,'Q','2019-07-05',438.272,444.135,436.807,-10.559,2.473,'A','USD',2),(28,'KSVZY623745','Rhycero','2001-06-06',100,0.719,'S','2041-06-06',344.974,367.253,336.734,-21.37,0.72,'A','EUR',3),(29,'TCS762515','Yata','2002-12-04',100,2.733,'S','2042-12-04',383.656,409.486,382.296,-33.692,2.74,'AA','USD',2),(30,'HFKGC509','Roomm','1988-01-17',100,0.037,'Q','2028-01-17',459.434,465.871,450.544,60.209,0.037,'AAA','USD',2),(31,'KNW02905','Brainverse','1999-04-28',100,2.339,'Q','2039-04-28',418.334,425.188,408.053,-2.75,2.344,'AAA','USD',3),(32,'ZUNI868','Muxo','2007-10-21',100,2.219,'S','2047-10-21',214.24,222.895,204.863,11.116,2.224,'BB','GBP',2),(33,'ZQSUT060','Latz','1985-05-16',100,4.523,'S','2025-05-16',222.111,227.401,217.782,1.014,4.543,'BBB','INR',2),(34,'AXNBC733883','Zoozzy','1978-12-18',100,0.876,'Q','2018-12-18',428.554,432.988,392.677,-16.902,0.877,'AA','USD',3),(35,'WZC519816','Roodel','1999-10-28',100,1.808,'Q','2039-10-28',279.655,281.607,268.597,-52.11,1.811,'BB','USD',3),(36,'ROG3979','Blognation','2006-11-28',100,3.632,'A','2046-11-28',426.989,431.834,394.567,32.713,3.645,'AA','GBP',2),(37,'UFEJW538','Eayo','2004-08-23',100,3.808,'A','2044-08-23',216.038,217.055,215.514,-1.128,3.823,'AAA','USD',2),(38,'JEIQ0564','Yakitri','1980-12-09',100,2.599,'A','2020-12-09',490.536,493.08,489.283,-0.357,2.606,'BBB','EUR',3),(39,'PKAEN12555','Jaxspan','2009-07-31',100,4.62,'A','2049-07-31',51.486,51.604,50.814,-1.108,4.641,'AA','GBP',2),(40,'YPTV315','Devpoint','1983-12-12',100,4.06,'A','2023-12-12',422.417,450.706,407.844,-227.323,4.076,'A','INR',2),(41,'SZPW582066','Jatri','1994-05-10',100,2.634,'Q','2034-05-10',166.274,167.266,164.724,-19.222,2.641,'AA','EUR',2),(42,'SDR202','Zoomdog','1987-12-21',100,4.634,'S','2027-12-21',324.772,328.251,321.292,-15.1,4.655,'B','INR',2),(43,'HKBU87963','Blogtags','1994-10-18',100,3.299,'Q','2034-10-18',483.481,483.778,454.122,7.96,3.31,'A','INR',2),(44,'CJZF367384','Skinder','1985-03-13',100,1.847,'Q','2025-03-13',396.785,417.58,396.785,-1.173,1.85,'A','USD',2),(45,'NMYBC5244','Aibox','2001-02-21',100,3.928,'A','2041-02-21',200.376,200.521,195.688,-6.18,3.943,'CCB','EUR',3),(46,'WRKV14614','Photospace','1997-02-13',100,4.804,'S','2037-02-13',128.366,128.439,126.988,3.994,4.827,'BBB','INR',3),(47,'NFAL682203','Meetz','1992-03-28',100,1.579,'Q','2032-03-28',407.676,438.606,402.64,-26.802,1.581,'AA','EUR',2),(48,'MXATW108','Pixoboo','1980-02-23',100,1.122,'A','2020-02-23',178.843,180.864,178.133,-12.052,1.123,'CCC','USD',3),(49,'CNPQ48249','Topicshots','1996-12-01',100,1.228,'S','2036-12-01',304.275,315.635,289.216,18.543,1.23,'B','USD',3),(50,'QATHD9108','Blogspan','1993-05-06',100,4.547,'A','2033-05-06',262.783,282.098,259.897,18.845,4.568,'AA','INR',3),(51,'XDL9523','Brainverse','2000-01-01',100,4.666,'Q','2040-01-01',436.905,443.518,427.773,1.7,4.688,'A','GBP',2),(52,'NGF142','Browsetype','1991-11-13',100,2.022,'A','2031-11-13',144.053,145.735,139.264,-0.778,2.026,'AAA','EUR',3),(53,'VEOLR973789','Divanoodle','1986-11-25',100,1.975,'A','2026-11-25',452.327,461.043,448.226,-22.008,1.979,'CCB','USD',2),(54,'JPC2370','Oloo','2010-01-20',100,4.919,'A','2050-01-20',410.752,415.637,406.244,-36.903,4.943,'AA','EUR',3),(55,'VBG008','Blogtags','2008-08-05',100,3.905,'A','2048-08-05',468.239,469.329,465.293,-38.592,3.92,'AAA','INR',3),(56,'IOVGB309','Fanoodle','2009-06-23',100,3.571,'S','2049-06-23',237.563,253.627,235.163,148.564,3.584,'AA','EUR',3),(57,'JBM55688','Zoomdog','1997-04-16',100,0.462,'Q','2037-04-16',130.042,141.309,128.054,1.9,0.462,'A','INR',2),(58,'KAT883411','Avavee','1989-02-19',100,0.009,'S','2029-02-19',49.056,52.308,48.526,-1.331,0.009,'B','GBP',3),(59,'VGXF84650','Mydo','1998-02-06',100,4.256,'Q','2038-02-06',386.485,387.571,351.372,6.378,4.274,'AA','USD',2),(60,'LVXWQ577','Jazzy','2000-08-04',100,2.767,'Q','2040-08-04',255.63,255.765,255.458,-0.911,2.775,'A','INR',2),(61,'SAUY77204','Katz','1989-11-12',100,2.069,'A','2029-11-12',461.147,474.646,455.897,-135.564,2.073,'CCB','INR',3),(62,'QKNFX769092','Chatterbridge','2006-11-15',100,1.682,'A','2046-11-15',467.504,473.626,462.496,54.731,1.685,'B','EUR',3),(63,'GQY8382','Divape','1987-01-06',100,3.002,'S','2027-01-06',81.134,84.672,77.145,6.893,3.011,'BB','EUR',3),(64,'FYLZV7726','Zoonoodle','1988-01-15',100,3.993,'S','2028-01-15',201.593,206.165,195.279,1.8,4.009,'A','EUR',2),(65,'SHPG3446','Kare','1996-07-10',100,4.05,'S','2036-07-10',225.645,235.831,213.686,1,4.066,'CCC','USD',3),(66,'SLOJ5565','Jaxbean','2008-04-15',100,0.586,'Q','2048-04-15',206.514,209.893,200.238,0.681,0.586,'BBB','USD',2),(67,'NDGJ913906','Livepath','2001-07-26',100,1.615,'Q','2041-07-26',321.649,334.387,304.058,8.943,1.618,'AA','GBP',3),(68,'CJQUD0500','Wikizz','1998-08-01',100,3.474,'Q','2038-08-01',144.685,148.979,139.221,4.352,3.486,'BB','GBP',2),(69,'JVK157180','Oyoba','2007-06-23',100,3.382,'Q','2047-06-23',282.403,282.432,281.472,22.182,3.393,'CCB','USD',3),(70,'SMF4535','Latz','1986-02-23',100,1.137,'S','2026-02-23',383.353,384.372,376.531,-46.349,1.138,'BBB','USD',2),(71,'QPH270601','Realbuzz','1996-03-04',100,4.329,'S','2036-03-04',410.258,413.243,406.135,3.544,4.348,'AAA','GBP',2),(72,'DBC9382','Skajo','1993-01-22',100,0.257,'Q','2033-01-22',289.241,297.099,280.729,0,0.257,'BBB','GBP',3),(73,'YFZSO023','Livetube','1984-11-02',100,0.947,'A','2024-11-02',120.585,120.619,120.486,-2.757,0.948,'B','USD',2),(74,'TCRY672776','Skiba','1989-05-28',100,4.096,'Q','2029-05-28',58.752,60.112,56.95,-0.017,4.113,'BB','GBP',3),(75,'CKQE769','Devcast','1979-04-09',100,2.693,'Q','2019-04-09',203.956,206.344,202.155,3.989,2.7,'AA','EUR',2),(76,'QIRW453735','Realbuzz','1981-03-21',100,3.846,'A','2021-03-21',36.871,38.159,34.77,0.227,3.861,'B','GBP',3),(77,'BCFE150','Agivu','2008-01-08',100,4.206,'Q','2048-01-08',424.84,437.566,408.643,-214.738,4.224,'AAA','EUR',2),(78,'NLYGJ972614','Cogidoo','2004-10-20',100,1.794,'Q','2044-10-20',189.581,193.513,181.225,-5.11,1.797,'AA','GBP',2),(79,'UOQAV18851','Browsetype','1980-05-18',100,0.844,'A','2020-05-18',100.313,100.945,100.016,-5.671,0.845,'BB','GBP',2),(80,'YUQWK1741','Feedfish','2005-04-12',100,4.479,'A','2045-04-12',162.882,173.91,157.928,-1.249,4.499,'AA','GBP',2),(81,'WOIUP308841','Cogilith','1998-04-25',100,3.059,'Q','2038-04-25',33.624,34.43,33.397,-0.437,3.068,'BB','USD',3),(82,'RUZV47556','Browseblab','2003-07-02',100,2.863,'S','2043-07-02',263.702,264.415,263.41,-4.2,2.871,'CCB','GBP',2),(83,'ZLFGE6651','Wikizz','1978-10-29',100,4.193,'S','2018-10-29',113.693,120.748,111.342,-1.781,4.211,'AAA','EUR',3),(84,'GSYCA117','Gabtune','2002-09-07',100,2.941,'A','2042-09-07',271.186,271.53,265.801,-10.36,2.95,'BBB','GBP',2),(85,'SUGA67261','Meemm','2006-09-24',100,1.386,'A','2046-09-24',118.802,118.95,118.795,-21.766,1.388,'AA','INR',2),(86,'QWDV973','Rhyzio','1979-11-09',100,2.839,'A','2019-11-09',216.287,220.903,215.535,4.68,2.847,'BB','GBP',3),(87,'WTZB4313','Pixonyx','1988-12-16',100,0.667,'Q','2028-12-16',244.48,264.077,241.551,1.891,0.667,'A','USD',3),(88,'SJE272482','Voonyx','2003-08-21',100,2.75,'S','2043-08-21',79.664,80.477,78.884,-1.352,2.758,'A','INR',2),(89,'YIUQZ37561','Realmix','2007-01-10',100,4.629,'Q','2047-01-10',403.548,438.834,400.48,0.179,4.65,'BB','EUR',2),(90,'GSDQ1918','Bubblebox','1987-02-14',100,1.959,'S','2027-02-14',256.233,273.267,252.745,-2.647,1.963,'C','USD',2),(91,'MLO575009','Agivu','2004-10-13',100,0.206,'S','2044-10-13',440.924,464.624,427.593,56.303,0.206,'A','EUR',3),(92,'ZMEFK102126','Vipe','1979-10-03',100,3.205,'Q','2019-10-03',456.978,477.082,448.362,-1.968,3.215,'AA','EUR',2),(93,'ZXCAG24542','Tanoodle','2010-07-30',100,0.322,'S','2050-07-30',202.245,202.593,201.256,2.316,0.322,'AAA','INR',3),(94,'ZORM4253','Bubbletube','2007-05-15',100,3.536,'Q','2047-05-15',136.648,136.964,135.457,-2.16,3.549,'AA','GBP',2),(95,'YHMXJ75558','Feedfire','2009-05-01',100,2.561,'S','2049-05-01',149.362,151.128,145.43,-0.662,2.568,'A','USD',2),(96,'XBZGM656147','Cogilith','2004-09-14',100,0.651,'S','2044-09-14',298.793,303.724,288.781,2.925,0.651,'A','EUR',2),(97,'ZOI90082','Twitternation','2000-07-16',100,0.308,'A','2040-07-16',339.921,355.895,339.595,-6.404,0.308,'BBB','USD',2),(98,'TVL697','Yacero','2010-06-01',100,4.463,'S','2050-06-01',88.827,96.571,88.749,-1.269,4.483,'A','EUR',2),(99,'GSQJ85846','Livefish','1980-09-19',100,0.23,'Q','2020-09-19',120.546,122.679,110.828,-0.776,0.23,'AAA','GBP',2),(100,'XEVO9856','Katz','1990-03-09',100,4.178,'Q','2030-03-09',66.786,67.651,60.994,12.855,4.195,'A','EUR',2),(101,'OEW52022','Roomm','1990-06-10',100,3.99,'A','2030-06-10',241.529,243.303,236.734,-0.474,4.006,'AA','INR',3),(102,'SEBFY539594','Camimbo','1989-10-26',100,3.169,'A','2029-10-26',26.679,27.992,26.217,0.52,3.179,'AAA','INR',3),(103,'TDVR9725','Yadel','1986-12-17',100,0.253,'A','2026-12-17',400.153,405.13,399.661,16.144,0.253,'C','GBP',3),(104,'GUF9412','Vinte','2001-03-18',100,2.093,'S','2041-03-18',345.952,351.537,339.901,30.375,2.097,'A','USD',2),(105,'ZQNE45025','Skidoo','1986-05-03',100,3.284,'A','2026-05-03',407.388,420.703,394.073,-0.739,3.295,'C','EUR',2),(106,'YCZGX6259','Blogspan','1983-11-20',100,0.533,'A','2023-11-20',344.875,349.216,341.463,-39.897,0.533,'AAA','EUR',3),(107,'XHL17949','Vitz','1978-09-02',100,4.486,'A','2018-09-02',464.569,474.672,451.176,0.266,4.506,'AA','GBP',3),(108,'HTZ57632','Jayo','1987-10-02',100,4.367,'S','2027-10-02',314.767,340.077,309.946,-27.357,4.386,'A','USD',3),(109,'FQS934','Wordpedia','1997-06-13',100,3.58,'A','2037-06-13',208.155,209.907,205.415,13.215,3.593,'AA','GBP',2),(110,'CQHM6973','Rhyloo','1985-08-01',100,2.055,'Q','2025-08-01',235.683,238.824,226.262,0.61,2.059,'CCB','USD',3),(111,'BAM709','Zazio','2007-04-26',100,2.531,'Q','2047-04-26',143.525,144.18,133.266,-1.033,2.537,'BBB','EUR',2),(112,'KIFLB11149','Realblab','2007-04-25',100,4.712,'Q','2047-04-25',355.609,355.609,343.981,-38.74,4.734,'C','INR',2),(113,'FEO49695','Feednation','1986-12-11',100,3.107,'Q','2026-12-11',325.263,327.804,324.067,1.618,3.117,'AAA','GBP',2),(114,'NUYLW2267','Divape','1991-08-11',100,2.094,'Q','2031-08-11',231.263,245.711,231.263,4.593,2.098,'BBB','GBP',2),(115,'BTVQG727543','Voomm','1995-03-08',100,2.608,'A','2035-03-08',367.891,374.561,361.976,4.28,2.615,'AA','INR',2),(116,'JOD9635','Bubbletube','2005-07-07',100,2.853,'Q','2045-07-07',463.344,466.421,457.372,-47.746,2.861,'AA','GBP',2),(117,'DGMHO895','Yoveo','1987-01-23',100,1.592,'Q','2027-01-23',246.986,248.316,226.141,9.669,1.595,'CCB','GBP',2),(118,'QTF525184','Meedoo','1987-05-31',100,1.82,'A','2027-05-31',153.908,160.521,152.254,2.122,1.823,'AA','GBP',2),(119,'WCPHL22033','Ntag','2009-06-24',100,2.264,'S','2049-06-24',464.302,468.005,463.98,2.619,2.269,'BBB','GBP',2),(120,'XGM396619','Skidoo','2003-09-02',100,1.567,'S','2043-09-02',53.615,53.638,53.386,0.225,1.569,'BBB','INR',2),(121,'NCD5981','Demivee','1994-12-12',100,1.466,'Q','2034-12-12',441.11,472.888,441.11,0.005,1.468,'AA','USD',3),(122,'EMOT0216','Yodo','1999-06-12',100,3.429,'S','2039-06-12',278.591,280.243,259.589,-2.045,3.441,'CCB','EUR',2),(123,'EZS799897','Edgewire','1990-08-14',100,4.039,'A','2030-08-14',137.343,142.112,129.222,1.312,4.055,'AA','GBP',3),(124,'QGNED43827','Twitterworks','1982-08-18',100,2.302,'Q','2022-08-18',49.482,52.996,49.297,0.659,2.307,'AA','EUR',3),(125,'PBG319','Livetube','1978-10-10',100,2.761,'S','2018-10-10',235.233,241.467,233.474,-38.267,2.769,'B','GBP',2),(126,'CMT568169','Leexo','2002-02-26',100,2.507,'A','2042-02-26',97.087,97.187,92.182,-2.98,2.513,'BB','EUR',3),(127,'UHBFV85020','Aibox','1993-09-15',100,3.399,'A','2033-09-15',343.922,354.172,318.826,-7.911,3.411,'AA','INR',2),(128,'EYCG6239','Zoombeat','1988-08-15',100,4.565,'A','2028-08-15',111.639,113.81,107.778,-4.527,4.586,'AA','INR',3),(129,'BFOP058718','Topicware','1991-05-30',100,0.269,'Q','2031-05-30',41.022,41.094,40.293,0.847,0.269,'BB','USD',3),(130,'IEVS773402','Zoonoodle','1998-06-17',100,4.832,'Q','2038-06-17',32.54,32.86,32.39,-0.852,4.855,'B','INR',2),(131,'NIBJA948601','Camido','1997-11-11',100,0.568,'Q','2037-11-11',99.1,103.038,96.474,1.019,0.568,'AA','INR',2),(132,'JPRVF898859','Thoughtstorm','1993-05-27',100,0.765,'A','2033-05-27',471.311,493.482,465.057,-3.817,0.766,'A','EUR',2),(133,'TYDP431409','Edgewire','2010-07-18',100,1.475,'Q','2050-07-18',436.071,464.09,423.482,1.251,1.477,'AA','INR',2),(134,'EDUHR85311','Edgeclub','1981-10-11',100,2.194,'A','2021-10-11',326.956,333.164,325.101,13.018,2.199,'C','GBP',2),(135,'SGJ049','Eidel','1985-11-02',100,4.171,'S','2025-11-02',332.268,338.763,319.081,-62.547,4.188,'AA','GBP',2),(136,'HJP7705','Zoonder','2001-07-16',100,4.896,'Q','2041-07-16',273.985,275.889,270.288,8.511,4.92,'AA','INR',3),(137,'UMY183765','Meevee','1985-02-03',100,1.229,'Q','2025-02-03',312.825,320.321,311.993,-4.045,1.231,'AA','GBP',2),(138,'PQR5402','Realmix','1978-09-10',100,1.12,'A','2018-09-10',309.966,331.183,307.073,-13.882,1.121,'AA','USD',3),(139,'QRNOM68969','Skiba','1979-06-07',100,0.908,'Q','2019-06-07',438.642,440.282,436.936,-49.143,0.909,'AAA','USD',2),(140,'DEK188','Meemm','1986-05-22',100,3.249,'Q','2026-05-22',168.587,169.022,167.129,0.055,3.26,'CCB','EUR',2),(141,'WMK422','Riffwire','2009-04-09',100,1.959,'S','2049-04-09',115.136,120.395,114.917,-16.291,1.963,'B','EUR',2),(142,'HLMPK2923','Linktype','1991-12-09',100,2.286,'S','2031-12-09',200.718,202.827,200.535,6.607,2.291,'CCC','USD',2),(143,'EXKUV857','Oyoloo','2010-03-19',100,4.914,'Q','2050-03-19',388.593,394.682,378.658,-6.483,4.938,'AA','EUR',3),(144,'VOQAL653980','Thoughtmix','1984-03-09',100,4.789,'A','2024-03-09',87.826,88.649,86.734,0.816,4.812,'AA','INR',2),(145,'DNTZF166','Babblestorm','1984-03-09',100,2.419,'A','2024-03-09',383.857,418.521,377.255,-43.109,2.425,'CCB','EUR',2),(146,'BCDPF981934','Voonte','2008-02-11',100,1.48,'S','2048-02-11',451.765,493.42,447.137,-7.744,1.482,'AA','INR',3),(147,'ENMW03861','Youfeed','1997-02-10',100,3.238,'Q','2037-02-10',173.196,176.059,166.517,-5.293,3.248,'AA','USD',2),(148,'FIUNH6820','Livetube','1981-03-31',100,4.143,'A','2021-03-31',327.982,328.295,323.83,-4.4,4.16,'BBB','EUR',2),(149,'JBKX249','Topiclounge','2005-04-15',100,1.402,'A','2045-04-15',32.559,33.216,32.249,-0.022,1.404,'A','EUR',3),(150,'SEFUA908','Skipstorm','2000-10-09',100,3.991,'Q','2040-10-09',377.415,383.919,354.357,-5.865,4.007,'AA','INR',3),(151,'FWJH569451','Kaymbo','2009-04-25',100,3.418,'S','2049-04-25',469.275,483.581,466.946,1.834,3.43,'AAA','INR',2),(152,'ABX97193','Feedspan','1988-08-19',100,1.92,'S','2028-08-19',279.76,295.651,277.173,9.414,1.924,'A','INR',3),(153,'XOTI36179','Yambee','1989-09-18',100,2.731,'A','2029-09-18',435.376,439.596,429.046,168.507,2.738,'CCB','GBP',2),(154,'HSN23952','Wordware','2006-01-19',100,0.702,'Q','2046-01-19',287.81,289.861,281.658,10.036,0.702,'AA','GBP',2),(155,'ETPNS6475','Topdrive','1993-04-17',100,4.315,'Q','2033-04-17',418.829,423.651,412.17,-16.607,4.334,'A','INR',3),(156,'HLKF294','Oozz','2003-05-16',100,2.652,'A','2043-05-16',251.85,253.282,248.343,-1.03,2.659,'AAA','GBP',2),(157,'KME759','Browsezoom','2008-05-14',100,1.643,'Q','2048-05-14',98.72,101.302,98.496,2.126,1.646,'AA','GBP',2),(158,'NICAZ48342','Photofeed','1998-07-09',100,2.409,'S','2038-07-09',310.025,312.111,304.09,-13.704,2.415,'A','INR',3),(159,'XSDWK198','Topiczoom','1995-08-10',100,4.209,'Q','2035-08-10',68.525,69.572,68.229,1.87,4.227,'BBB','USD',3),(160,'REWF153024','Podcat','2007-08-25',100,4.479,'Q','2047-08-25',428.501,462.44,419.479,-15.963,4.499,'A','GBP',2),(161,'VEF0828','Vinder','1997-03-09',100,4.143,'A','2037-03-09',243.171,252.024,242.296,8.042,4.16,'AA','EUR',2),(162,'CXFL339','Abatz','1988-04-18',100,0.717,'A','2028-04-18',420.996,429.11,402.934,43.906,0.718,'BBB','INR',3),(163,'MONL4131','Jazzy','1988-02-10',100,2.048,'Q','2028-02-10',78.895,84.789,78.014,0.968,2.052,'C','INR',3),(164,'BNHO5475','Reallinks','1992-08-05',100,0.486,'S','2032-08-05',246.186,246.261,245.842,-4.146,0.486,'BB','GBP',2),(165,'EFH540841','Quatz','1979-02-18',100,0.219,'Q','2019-02-18',306.005,308.327,285.11,-33.667,0.219,'BBB','GBP',2),(166,'WJL82131','Topdrive','1987-04-23',100,4.773,'S','2027-04-23',248.067,255.653,235.15,-52.179,4.796,'B','GBP',2),(167,'MBYDC907','Aibox','2000-10-17',100,3.569,'A','2040-10-17',352.361,354.765,328.051,0,3.582,'CCC','INR',3),(168,'VIFWJ027052','Blogtags','1991-01-15',100,4.217,'S','2031-01-15',439.939,465.988,435.699,25.268,4.235,'AAA','USD',3),(169,'YIXZL21566','Jayo','1981-02-25',100,3.172,'A','2021-02-25',385.351,395.287,377.855,-9.463,3.182,'BBB','EUR',3),(170,'ZEY171330','Meevee','2007-06-09',100,0.687,'A','2047-06-09',470.504,499.863,465.322,10.623,0.687,'AA','USD',2),(171,'PTCM2848','Photospace','1978-09-13',100,0.3,'A','2018-09-13',490.524,499.753,451.177,-21.239,0.3,'BBB','EUR',3),(172,'OXUCL96996','Zoomdog','1993-07-21',100,0.138,'S','2033-07-21',154.003,162.32,150.438,-3.76,0.138,'AAA','EUR',3),(173,'IJQY156273','Eamia','1980-10-07',100,3.265,'A','2020-10-07',217.285,217.961,216.522,-32.987,3.276,'A','INR',3),(174,'XHWY48336','Jabberstorm','2005-09-03',100,4.511,'Q','2045-09-03',319.562,326.417,317.277,8.994,4.531,'A','EUR',3),(175,'QCYPD363749','Jatri','1980-01-03',100,2.471,'Q','2020-01-03',356.841,373.019,352.54,-1.938,2.477,'AAA','EUR',2),(176,'GRM7764','Flashdog','2009-08-11',100,4.044,'S','2049-08-11',325.354,327.823,310.186,-32.984,4.06,'BB','INR',2),(177,'DYLH1872','Realblab','2009-09-16',100,1.261,'Q','2049-09-16',83.62,85.157,79.009,2.476,1.263,'AA','GBP',3),(178,'FPGAT85110','Blogspan','1984-08-20',100,4.473,'S','2024-08-20',358.77,371.381,355.003,-0.134,4.493,'B','INR',3),(179,'LCRPT74176','Thoughtbeat','2000-12-28',100,3.743,'Q','2040-12-28',117.341,127.841,115.632,7.884,3.757,'CCB','EUR',3),(180,'PKSQB352','Feedspan','1998-09-16',100,3.475,'A','2038-09-16',222.099,230.26,220.428,-16.37,3.487,'A','GBP',2),(181,'LQSC64774','Ooba','1980-02-17',100,0.541,'A','2020-02-17',212.204,220.531,207.52,-11.197,0.541,'AA','INR',3),(182,'WNBCD9522','Skyvu','1996-08-07',100,3.752,'A','2036-08-07',436.956,447.914,435.462,22.613,3.766,'CC','INR',3),(183,'DOQXI634634','Eayo','2001-12-12',100,4.545,'A','2041-12-12',343.084,352.113,327.712,5.91,4.566,'A','EUR',3),(184,'ATX801782','Fliptune','1985-12-18',100,1.035,'A','2025-12-18',241.141,246.112,236.169,-0.322,1.036,'AAA','GBP',3),(185,'BKFPY9536','Fivebridge','1988-05-28',100,4.962,'Q','2028-05-28',271.869,293.427,270.246,1.025,4.987,'AAA','USD',2),(186,'TFW2890','Rhyloo','2005-06-06',100,3.132,'Q','2045-06-06',329.621,333.301,325.635,0.909,3.142,'A','GBP',3),(187,'QBJ5879','Blogpad','1987-05-15',100,3.868,'Q','2027-05-15',485.76,492.984,450.489,18.479,3.883,'AA','GBP',2),(188,'KYTP780426','Jatri','1989-10-21',100,0.061,'A','2029-10-21',144.841,146.192,144.262,32.324,0.061,'AA','USD',3),(189,'LJTG3720','Browseblab','1992-09-24',100,0.177,'S','2032-09-24',73.04,74.078,70.233,-6.075,0.177,'BB','INR',3),(190,'RAU955','Gabcube','1983-08-28',100,0.711,'Q','2023-08-28',246.398,246.827,246.087,13.599,0.712,'BBB','GBP',2),(191,'EQZ354','Katz','1981-05-24',100,0.648,'S','2021-05-24',190.109,199.545,189.288,0.543,0.648,'B','EUR',2),(192,'ZDQYF81471','Yodo','1990-07-11',100,0.78,'S','2030-07-11',120.973,126.892,120.459,10.298,0.781,'B','USD',3),(193,'ORY2685','Kare','1992-04-11',100,0.784,'Q','2032-04-11',141.557,145.034,135.636,-14.93,0.785,'CCC','USD',3),(194,'OLHX9804','Brainsphere','2010-06-16',100,3.371,'S','2050-06-16',434.044,464.476,426.435,-3.376,3.382,'BBB','GBP',2),(195,'JZPDK5070','Fanoodle','1997-03-17',100,3.117,'Q','2037-03-17',20.667,21.109,20.44,-0.919,3.127,'B','INR',3),(196,'RWPA026971','Meedoo','2010-02-04',100,4.329,'A','2050-02-04',94.434,100.344,90.811,-1.254,4.348,'A','EUR',2),(197,'VDK079918','Zoonoodle','1994-03-15',100,2.303,'A','2034-03-15',176.08,180.639,170.939,-3.333,2.308,'BBB','GBP',3),(198,'FHR21838','Jabbersphere','1978-11-21',100,3.712,'Q','2018-11-21',362.311,362.311,328.109,4.227,3.726,'B','INR',3),(199,'CKR15210','Jetpulse','1996-06-13',100,2.938,'Q','2036-06-13',345.911,346.955,345.186,-2.378,2.947,'AA','INR',3),(200,'GJC9618','Trilia','1992-06-11',100,3.151,'Q','2032-06-11',444.738,462.048,441.441,24.359,3.161,'AA','INR',3),(201,'ULSEG45628','Yakitri','1996-09-04',100,3.885,'A','2036-09-04',299.798,302.954,298.379,-2.641,3.9,'CC','GBP',2),(202,'QGJ371','Camido','1998-10-20',100,2.939,'S','2038-10-20',253.298,260.267,246.603,-1.417,2.948,'C','INR',3),(203,'EQJ124','Skilith','1990-12-16',100,0.927,'S','2030-12-16',60.083,65.326,59.688,4.137,0.928,'BBB','USD',2),(204,'OGXA8548','Trupe','1981-12-22',100,1.475,'Q','2021-12-22',156.922,161.696,149.132,0.395,1.477,'BB','EUR',3),(205,'IEXF3457','Avamba','1980-07-01',100,1.011,'A','2020-07-01',329.959,338.428,329.697,-4.069,1.012,'CC','GBP',3),(206,'VYS60165','Devbug','2004-08-24',100,0.082,'A','2044-08-24',255.068,258.238,243.828,1.479,0.082,'AA','GBP',3),(207,'UPJ57038','Blogtag','1992-11-01',100,4.944,'S','2032-11-01',157.171,158.579,145.782,0.12,4.968,'A','INR',2),(208,'FYWSD80001','Meetz','2002-06-27',100,1.361,'Q','2042-06-27',278.784,280.089,273.563,0.806,1.363,'B','EUR',2),(209,'EIMBA120','Talane','1991-12-15',100,2.304,'A','2031-12-15',198.479,201.886,188.259,18.899,2.309,'AA','GBP',3),(210,'AVZTK34777','Oyondu','1984-04-20',100,3.744,'A','2024-04-20',181.354,182.756,168.739,0.146,3.758,'C','GBP',2),(211,'ZBOA251','Oyoloo','2004-10-20',100,3.036,'A','2044-10-20',39.234,41.283,38.587,1.589,3.045,'B','USD',3),(212,'OTF0975','Babbleopia','1986-03-12',100,2.673,'Q','2026-03-12',439.156,457.653,419.119,-16.856,2.68,'A','GBP',2),(213,'BKXNP86589','Zoomlounge','1982-09-16',100,1.681,'A','2022-09-16',61.94,63.588,59.251,-2.674,1.684,'BBB','USD',3),(214,'PDQMR71107','Quinu','1984-01-29',100,4.408,'S','2024-01-29',26.559,27.231,24.647,2.085,4.427,'BB','USD',2),(215,'LPY189581','Lazzy','1996-10-13',100,0.505,'Q','2036-10-13',44.329,45.489,42.355,4.323,0.505,'BB','INR',3),(216,'IWR373691','Chatterpoint','1980-11-13',100,1.132,'S','2020-11-13',182.293,184.378,181.705,27.966,1.133,'AAA','GBP',2),(217,'ZVP374597','Brightdog','1983-10-08',100,4.178,'A','2023-10-08',168.778,176.12,162.77,7.497,4.195,'B','INR',2),(218,'EIOY4906','Photobean','1987-11-18',100,1.539,'Q','2027-11-18',102.758,104.422,102.689,20.932,1.541,'AA','EUR',2),(219,'WMFP5604','Vinder','1993-05-27',100,1.888,'Q','2033-05-27',52.436,52.809,50.475,-1.748,1.892,'A','INR',3),(220,'SVW611606','Tazz','1994-09-15',100,4.196,'Q','2034-09-15',28.671,29.35,28.657,0.478,4.214,'AA','INR',2),(221,'NSG701','Camimbo','1986-05-14',100,4.734,'A','2026-05-14',366.157,386.813,359.272,-6.176,4.756,'C','USD',3),(222,'MEDBC41245','Myworks','1995-07-11',100,1.709,'A','2035-07-11',450.309,450.839,448.314,-0.62,1.712,'CCB','EUR',3),(223,'OYXG886513','Realcube','1993-02-10',100,2.421,'Q','2033-02-10',145.65,154.579,139.446,1.116,2.427,'C','INR',2),(224,'WZC194012','Izio','1997-10-24',100,2.077,'Q','2037-10-24',212.709,216.711,195.647,-4.03,2.081,'AA','USD',2),(225,'CPIU865055','Skilith','1998-10-08',100,0.683,'Q','2038-10-08',407.949,408.001,407.348,20.583,0.683,'BB','GBP',3),(226,'NZALT0573','Vimbo','2009-01-03',100,0.793,'Q','2049-01-03',45.29,45.322,45.154,0.346,0.794,'CCB','INR',2),(227,'UCIR6919','Jaxworks','1996-03-04',100,4.232,'S','2036-03-04',202.965,209.263,199.574,15.502,4.25,'C','GBP',3),(228,'FMB203576','Lazzy','1978-09-05',100,2.904,'S','2018-09-05',343.861,366.312,341.366,-0.39,2.912,'AA','GBP',2),(229,'PLNEC24745','Dazzlesphere','2005-07-19',100,3.184,'S','2045-07-19',195.933,201.441,188.327,-1.304,3.194,'C','EUR',3),(230,'UZTKB537815','Roomm','2008-10-07',100,2.183,'Q','2048-10-07',247.068,259.826,245.328,-13.584,2.188,'AAA','INR',3),(231,'SZJEV566443','Brainlounge','1993-11-16',100,3.967,'S','2033-11-16',479.495,483.795,474.022,-26.092,3.983,'BB','INR',3),(232,'THPO70986','Bubblemix','1990-08-12',100,1.44,'Q','2030-08-12',420.261,420.68,406.713,-6.903,1.442,'AAA','USD',3),(233,'WMJF026','Fadeo','2007-09-17',100,1.046,'Q','2047-09-17',164.248,166.796,162.876,-0.325,1.047,'BBB','EUR',2),(234,'HYAN6093','Bluejam','2001-02-09',100,3.481,'S','2041-02-09',30.637,31.21,29.877,0.111,3.493,'B','INR',3),(235,'FVKHC96323','Gabspot','1993-10-29',100,2.241,'Q','2033-10-29',46.147,46.349,45.987,0.936,2.246,'BBB','USD',2),(236,'WTNXA07832','Bubblebox','2003-02-11',100,0.83,'S','2043-02-11',377.338,411.463,376.283,-15.391,0.831,'AAA','USD',2),(237,'UISKG9000','Jayo','1995-05-23',100,4.634,'Q','2035-05-23',353.884,386.296,351.066,-1.276,4.655,'BBB','EUR',2),(238,'VYBI15640','Topiclounge','2005-07-02',100,2.234,'A','2045-07-02',419.134,420.393,395.211,-0.99,2.239,'B','INR',3),(239,'EKL23486','Eabox','1985-09-29',100,3.882,'A','2025-09-29',436.29,469.584,426.899,-39.449,3.897,'AAA','GBP',3),(240,'CDOAV5269','Roodel','1997-07-15',100,0.272,'A','2037-07-15',127.036,133.32,126.414,-3.585,0.272,'AA','EUR',2),(241,'NCI719','Avaveo','2004-12-02',100,3.082,'Q','2044-12-02',345.026,345.424,344.319,-5.934,3.091,'A','EUR',2),(242,'SVT2259','Thoughtbridge','2006-08-10',100,0.152,'A','2046-08-10',207.194,213.472,195.007,0.102,0.152,'AA','GBP',3),(243,'UMSB3409','Topiczoom','1998-09-28',100,3.976,'S','2038-09-28',123.151,131.779,122.884,4.822,3.992,'BB','USD',3),(244,'WOHS0130','Eayo','1992-02-03',100,2.235,'S','2032-02-03',479.406,482.647,475.6,11.644,2.24,'C','INR',2),(245,'ZHNUS400','Topicblab','1992-06-11',100,3.859,'Q','2032-06-11',381.662,384.709,365.666,-10.546,3.874,'C','INR',3),(246,'PSOK129','Thoughtstorm','1992-01-21',100,2.868,'Q','2032-01-21',343.271,352.84,328.917,-135.738,2.876,'BBB','EUR',3),(247,'DETK4836','Tagfeed','2004-04-18',100,4.315,'S','2044-04-18',52.727,52.727,52.701,0.916,4.334,'BB','INR',2),(248,'XHIZ221','Skibox','1996-10-05',100,2.024,'S','2036-10-05',417.538,418.862,417.187,39.513,2.028,'AAA','EUR',2),(249,'LWTUE151038','Innotype','1991-08-14',100,3.51,'Q','2031-08-14',372.081,374.545,363.346,-25.307,3.522,'A','GBP',2),(250,'LQMP407','Tagopia','1982-12-01',100,3.075,'A','2022-12-01',381.84,397.354,379.314,-6.828,3.084,'A','USD',2),(251,'XSCL85588','Twitterbridge','1982-09-19',100,1.989,'A','2022-09-19',385.697,409.802,381.444,22.527,1.993,'CCB','USD',3),(252,'SFYM89982','Eidel','1995-01-19',100,1.987,'A','2035-01-19',281.214,303.798,276.912,3.152,1.991,'A','INR',2),(253,'RVK39750','Mita','1995-05-21',100,3.305,'S','2035-05-21',410.561,412.119,409.894,-149.634,3.316,'BB','GBP',2),(254,'ANIX6885','Ooba','1995-11-22',100,0.121,'Q','2035-11-22',77.215,77.227,77.08,0.427,0.121,'AAA','INR',2),(255,'BNJ9681','Centizu','2000-04-02',100,3.806,'Q','2040-04-02',145.063,146.024,135.35,0.155,3.82,'B','INR',3),(256,'GMI036387','Vitz','1982-06-16',100,4.643,'A','2022-06-16',399.212,403.211,392.687,-8.323,4.665,'BB','GBP',3),(257,'GNHD640','Myworks','2000-07-02',100,2.524,'A','2040-07-02',322.211,329.052,312.764,-14.659,2.53,'AAA','USD',2),(258,'RYTI8421','Kayveo','1989-01-01',100,1.726,'A','2029-01-01',360.787,370.821,348.016,24.168,1.729,'C','INR',3),(259,'HKTU383562','Gabtune','1985-07-06',100,4.81,'S','2025-07-06',317.996,321.899,294.023,6.195,4.833,'AA','USD',3),(260,'SPE39509','Mycat','1994-03-30',100,4.837,'Q','2034-03-30',39.95,40.758,39.829,4.48,4.86,'BB','GBP',2),(261,'EPKJB313113','Oyonder','1983-10-25',100,1.251,'S','2023-10-25',53.284,55.274,51.128,-2.584,1.253,'CCC','USD',2),(262,'FWPT82651','Meejo','1983-03-30',100,4.228,'S','2023-03-30',413.545,420.106,391.581,1.911,4.246,'CC','USD',2),(263,'LGVDK105','Photospace','1981-01-31',100,1.941,'A','2021-01-31',85.289,87.155,84.793,-0.721,1.945,'BB','INR',2),(264,'PHK76249','Devpoint','2005-08-19',100,1.468,'S','2045-08-19',85.364,86.136,84.56,-0.612,1.47,'AA','USD',2),(265,'CWTR415620','Kazu','2005-06-11',100,0.442,'Q','2045-06-11',291.279,305.484,290.21,33.705,0.442,'CCC','USD',2),(266,'IFAGL693780','Omba','2006-02-19',100,2.851,'A','2046-02-19',52.204,53.178,48.945,-2.257,2.859,'BB','INR',3),(267,'NDHQ271116','Aibox','1990-08-13',100,4.518,'Q','2030-08-13',134.018,145.358,133.032,0.184,4.538,'A','GBP',3),(268,'EWJ16048','Youspan','2001-07-19',100,3.575,'Q','2041-07-19',166.241,166.37,165.754,28.974,3.588,'A','INR',2),(269,'PURID048015','Buzzbean','1991-07-29',100,1.735,'Q','2031-07-29',185.3,192.554,173.953,2.049,1.738,'AAA','GBP',2),(270,'UKGX94498','InnoZ','1988-03-26',100,1.74,'S','2028-03-26',437.428,464.592,418.551,52.066,1.743,'A','INR',3),(271,'RZCJQ59201','Wordpedia','1989-09-09',100,4.017,'S','2029-09-09',467.562,476.249,449.103,-25.25,4.033,'AA','USD',2),(272,'IRD588003','Skinte','2000-04-24',100,4.788,'A','2040-04-24',388.451,389.128,385.743,123.119,4.811,'AA','GBP',3),(273,'NSJRF215331','Gabtune','1988-06-29',100,2.467,'Q','2028-06-29',119.839,120.308,117.842,1.567,2.473,'B','INR',3),(274,'VHQAG19085','Photofeed','1984-01-14',100,1.629,'A','2024-01-14',440.09,444.614,437.545,23.23,1.632,'BBB','EUR',2),(275,'BZS877','Skiptube','2009-04-09',100,1.602,'S','2049-04-09',306.02,313.444,284.889,35.572,1.605,'B','USD',2),(276,'NKQ024','Podcat','1982-01-20',100,2.661,'A','2022-01-20',341.236,352.551,335.911,6.955,2.668,'A','INR',2),(277,'JYM04979','Devpoint','1985-12-27',100,1.319,'S','2025-12-27',400.438,407.838,400.13,0.156,1.321,'B','GBP',2),(278,'SQPZK52424','Centidel','1988-09-17',100,0.129,'A','2028-09-17',107.613,107.621,107.234,-21.12,0.129,'B','USD',3),(279,'FJUC2354','Dabshots','1989-09-03',100,4.889,'A','2029-09-03',24.363,25.189,23.537,-0.328,4.913,'B','INR',3),(280,'HUXY23732','Npath','1990-04-19',100,1.189,'Q','2030-04-19',486.14,491.925,478.151,100.374,1.19,'AA','INR',2),(281,'MSEA955','Yabox','1981-08-07',100,4.562,'A','2021-08-07',25.843,27.198,25.604,-1.549,4.583,'BB','EUR',3),(282,'HMC734','Devpulse','1989-03-29',100,1.498,'S','2029-03-29',174.776,182.567,172.179,3.273,1.5,'BBB','EUR',2),(283,'NZAIU264','Trunyx','1994-09-03',100,1.429,'A','2034-09-03',298.788,307.234,289.998,44.661,1.431,'CC','USD',3),(284,'HTG1430','Yadel','1988-05-05',100,0.848,'Q','2028-05-05',88.306,92.094,88.106,0.454,0.849,'BBB','USD',3),(285,'JPK082','Browsebug','1993-07-12',100,0.356,'S','2033-07-12',377.544,398.593,375.714,14.877,0.356,'AA','EUR',2),(286,'BAEFO44697','LiveZ','1993-06-19',100,1.267,'A','2033-06-19',52.032,52.184,52.022,2.721,1.269,'BBB','USD',3),(287,'FLJ18977','Realmix','1987-01-21',100,4.603,'A','2027-01-21',496.055,496.621,493.294,-37.868,4.624,'BBB','INR',2),(288,'DKCOV4141','Myworks','1983-08-15',100,4.553,'S','2023-08-15',99.777,102.601,92.864,-1.668,4.574,'B','USD',2),(289,'ZDJWR8707','Meevee','2005-08-09',100,2.575,'A','2045-08-09',282.492,283.067,281.425,14.389,2.582,'BB','EUR',2),(290,'MGF288680','Aimbo','2004-10-31',100,0.252,'Q','2044-10-31',149.141,161.143,146.141,18.817,0.252,'BBB','EUR',2),(291,'FBLR83963','Agivu','1980-05-13',100,1.005,'S','2020-05-13',255.372,258.09,254.735,1.724,1.006,'CC','INR',3),(292,'EPUYD902821','Yata','2004-06-08',100,2.839,'S','2044-06-08',477.434,481.005,470.182,-10.413,2.847,'A','INR',3),(293,'FWX6552','Buzzster','2007-10-31',100,3.402,'Q','2047-10-31',211.09,224.784,208.285,4.476,3.414,'AAA','INR',2),(294,'LWYJB12762','Twimbo','1981-10-03',100,3.634,'A','2021-10-03',54.073,54.425,50.512,-0.857,3.647,'A','USD',3),(295,'ZMTSL038261','Twimbo','2004-01-28',100,4.097,'A','2044-01-28',200.797,211.634,196.989,50.648,4.114,'AA','GBP',3),(296,'INR270','Gevee','2008-03-19',100,2.772,'S','2048-03-19',290.019,301.853,279.938,-36.199,2.78,'AA','GBP',3),(297,'CYZ893246','Meevee','1981-07-27',100,0.014,'Q','2021-07-27',196.811,197.081,193.218,-0.208,0.014,'CCB','INR',3),(298,'GAR90830','Eimbee','1984-12-15',100,2.602,'S','2024-12-15',459.425,465.734,445.381,17.502,2.609,'AAA','USD',2),(299,'KOCQG972','Skibox','1985-02-10',100,1.319,'A','2025-02-10',178.847,178.964,167.26,7.328,1.321,'BB','GBP',3),(300,'BTMPV0490','Innojam','1981-08-19',100,3.102,'Q','2021-08-19',211.551,214.524,201.009,-2.49,3.112,'CCB','EUR',2),(301,'OJE9993','Twitterbeat','1987-03-21',100,4.358,'Q','2027-03-21',180.302,180.305,180.251,12.002,4.377,'BB','EUR',2),(302,'GMUJB472','Zoomzone','1993-02-27',100,2.539,'S','2033-02-27',292.484,312.093,283.256,19.352,2.545,'AA','INR',2),(303,'IDHXO241578','Mydo','2008-08-14',100,0.498,'S','2048-08-14',156.984,157.777,144.555,-1.212,0.498,'CCB','EUR',2),(304,'KBLZ081','Youfeed','2010-03-13',100,2.513,'A','2050-03-13',132.019,135.985,127.364,-16.163,2.519,'AA','USD',3),(305,'KOI571296','Topicblab','1986-08-01',100,1.578,'Q','2026-08-01',343.751,347.183,324.304,37.74,1.58,'AAA','EUR',3),(306,'JCK8330','Zoombeat','2009-10-20',100,1.847,'S','2049-10-20',168.399,176.052,161.334,19.119,1.85,'AA','EUR',3),(307,'EGY93023','Devify','1981-03-12',100,1.922,'Q','2021-03-12',454.084,459.861,425.877,1.455,1.926,'CCB','INR',3),(308,'WNH384430','Dynava','1992-06-03',100,0.491,'S','2032-06-03',266.408,272.286,258.29,-13.702,0.491,'C','EUR',3),(309,'OFENC99329','Teklist','1997-04-02',100,2.447,'S','2037-04-02',288.274,293.63,275.777,12.528,2.453,'A','USD',3),(310,'EXQ730683','Oodoo','1986-08-03',100,0.478,'S','2026-08-03',59.529,62.189,57.17,4.757,0.478,'B','USD',2),(311,'PAUBK948','Dynazzy','1985-12-19',100,1.34,'Q','2025-12-19',83.432,85.986,83.406,-8.037,1.342,'A','INR',2),(312,'WKPM0495','Oyonder','1984-11-28',100,2.164,'S','2024-11-28',175.695,179.261,175.066,-1.401,2.169,'AA','USD',3),(313,'EXIUZ7428','Talane','2007-11-24',100,3.451,'A','2047-11-24',18.553,18.638,18.191,1.476,3.463,'BBB','INR',2),(314,'AND4495','Yozio','1993-02-15',100,4.344,'A','2033-02-15',432.594,457.226,430.158,-0.162,4.363,'BB','USD',2),(315,'QPDI144','Buzzdog','2003-10-17',100,0.781,'S','2043-10-17',447.759,450.005,442.76,3.083,0.782,'B','INR',2),(316,'ILX39770','Flipbug','2000-04-22',100,0.583,'A','2040-04-22',171.295,173.17,171.196,-3.54,0.583,'A','GBP',2),(317,'FLA97653','Feedbug','1981-07-04',100,4.68,'S','2021-07-04',239.16,240.802,229.075,8.65,4.702,'A','GBP',2),(318,'UWD61982','Thoughtbridge','1981-03-30',100,2.458,'A','2021-03-30',22.546,23.429,21.794,-0.127,2.464,'A','INR',3),(319,'CHLD28260','Twimm','1999-01-21',100,2.604,'A','2039-01-21',24.472,26.264,24.024,0.228,2.611,'CCB','GBP',3),(320,'FUONS11988','Yakijo','2008-12-11',100,3.486,'Q','2048-12-11',352.924,370.134,344.447,-14.033,3.498,'A','USD',3),(321,'VIS750','Skinder','1982-01-10',100,2.967,'A','2022-01-10',165.975,166.556,164.741,27.831,2.976,'A','INR',2),(322,'JSPD43449','Tanoodle','1990-11-13',100,2.81,'Q','2030-11-13',413.489,427.476,392.508,-0.339,2.818,'A','USD',3),(323,'DKCBE106','Digitube','1992-01-05',100,4.847,'Q','2032-01-05',175.164,177.743,174.97,27.795,4.87,'BBB','GBP',2),(324,'LNAK290359','Vitz','1984-12-23',100,4.589,'S','2024-12-23',136.805,137.024,136.243,5.195,4.61,'A','EUR',3),(325,'JMQ261','Blogpad','1992-04-07',100,4.293,'S','2032-04-07',114.407,116.091,104.865,11.442,4.311,'CC','USD',2),(326,'EPW837210','Kazio','2001-08-01',100,1.933,'Q','2041-08-01',127.752,137.234,126.928,-1.304,1.937,'AA','USD',3),(327,'SXT93441','Voonte','1982-07-04',100,4.132,'A','2022-07-04',227.274,232.013,225.609,-0.661,4.149,'A','INR',2),(328,'EZR404902','Quamba','2007-09-02',100,4.095,'S','2047-09-02',133.077,137.513,125.838,-0.722,4.112,'BB','EUR',2),(329,'MJQ677','Wikivu','1992-02-16',100,3.035,'A','2032-02-16',206.361,211.736,197.592,47.537,3.044,'AA','EUR',3),(330,'BFNY595184','Trilia','2006-04-10',100,0.839,'S','2046-04-10',224.14,226.478,220.159,6.563,0.84,'AAA','USD',3),(331,'DJFX242703','Innotype','1982-03-07',100,3.007,'A','2022-03-07',349.63,350.477,349.566,-30.56,3.016,'BB','EUR',2),(332,'JDE87444','Oyonder','1988-07-01',100,2.31,'A','2028-07-01',166.568,166.796,166.446,-4.238,2.315,'BB','INR',3),(333,'HATU309896','Skinix','2009-07-19',100,1.75,'Q','2049-07-19',348.983,348.989,348.919,-0.38,1.753,'AAA','USD',3),(334,'JVYKM1485','Dabjam','1980-11-16',100,0.791,'Q','2020-11-16',186.085,186.187,175.947,10.897,0.792,'AA','EUR',3),(335,'AXQS777832','Quinu','1996-02-08',100,4.668,'A','2036-02-08',249.456,257.133,235.2,37.936,4.69,'AAA','USD',3),(336,'CROJH84185','Meetz','1982-04-13',100,2.12,'A','2022-04-13',365.342,379.991,360.459,64.487,2.124,'CC','INR',3),(337,'BRCM298595','Flashspan','1982-08-26',100,2.144,'Q','2022-08-26',428.3,430.236,419.48,-4.118,2.149,'AAA','EUR',3),(338,'DFON0983','Skyndu','2003-09-04',100,4.771,'Q','2043-09-04',253.172,257.099,248.743,1.906,4.794,'AA','USD',2),(339,'NHZMT1031','Devpoint','1989-09-20',100,1.778,'S','2029-09-20',158.382,159.579,157.584,-1.605,1.781,'CCB','EUR',2),(340,'VCSU312','Chatterbridge','2008-03-21',100,3.162,'Q','2048-03-21',42.647,43.637,42.114,-2.585,3.172,'BBB','GBP',2),(341,'FMCTS468','Zoombox','2007-01-29',100,1.971,'A','2047-01-29',37.896,39.858,37.494,-2.313,1.975,'AA','EUR',2),(342,'ZTKW45872','Rhynyx','2004-05-24',100,2.879,'Q','2044-05-24',31.79,32.348,31.594,0,2.887,'CCB','USD',3),(343,'GOHF422506','Gabtune','1991-07-04',100,2.719,'Q','2031-07-04',36.02,37.315,34.871,-0.429,2.726,'BBB','GBP',3),(344,'FOWA39223','Fadeo','1986-07-30',100,4.997,'A','2026-07-30',326.949,351.093,321.285,-7.073,5.022,'BBB','USD',3),(345,'BJMXL12126','Brightbean','1999-03-30',100,2.994,'A','2039-03-30',472.123,480.899,469.79,-76.963,3.003,'AA','GBP',3),(346,'ONEQH022','Kazio','1983-04-30',100,0.587,'S','2023-04-30',355.141,370.904,347.723,5.939,0.587,'A','INR',3),(347,'JTE33096','Kwideo','1990-10-15',100,2.575,'A','2030-10-15',468.18,471.853,458.735,80.761,2.582,'BBB','GBP',2),(348,'FBQ833','Gigabox','1984-01-21',100,2.432,'A','2024-01-21',481.354,482.609,457.513,-19.975,2.438,'AA','EUR',2),(349,'PJQ1976','Tekfly','1981-09-13',100,1.253,'Q','2021-09-13',350.436,351.047,335.776,229.584,1.255,'B','GBP',2),(350,'ZIQJ812059','Photobug','1997-10-27',100,0.362,'Q','2037-10-27',25.697,25.72,25.543,0,0.362,'A','EUR',3),(351,'PNCF18918','Dabjam','1985-08-17',100,1.689,'S','2025-08-17',261.394,265.594,258.476,35.938,1.692,'B','INR',2),(352,'ITWMA661','Gabtype','1982-03-07',100,1.535,'A','2022-03-07',360.575,360.972,358.987,-11.833,1.537,'BB','EUR',3),(353,'IUA535','Jamia','1980-03-05',100,1.163,'Q','2020-03-05',181.046,181.077,177.944,2.141,1.164,'BBB','GBP',2),(354,'ELSKG109188','Tagcat','2003-07-16',100,0.278,'Q','2043-07-16',136.589,136.747,135.913,9.51,0.278,'BB','GBP',2),(355,'NPAK87687','Jabberstorm','1987-12-30',100,2.048,'Q','2027-12-30',360.504,363.677,350.985,-6.704,2.052,'A','EUR',3),(356,'ZKCJX940449','Kayveo','1982-01-13',100,4.998,'Q','2022-01-13',477.292,481.255,454.834,-8.295,5.023,'CCB','GBP',3),(357,'UTLVI49254','Yambee','1984-01-17',100,2.44,'A','2024-01-17',225.683,227.102,225.104,6.467,2.446,'AA','GBP',2),(358,'YFU7169','Gigazoom','2005-07-05',100,2.552,'S','2045-07-05',241.687,252.552,241.465,14.847,2.559,'A','EUR',2),(359,'DJEP13934','Jayo','1978-09-17',100,2.078,'S','2018-09-17',47.129,49.722,45.67,3.431,2.082,'AA','GBP',3),(360,'WHRY550444','Tagtune','2001-01-22',100,0.27,'S','2041-01-22',389.325,404.166,375.066,2.858,0.27,'AA','EUR',3),(361,'UBHFI9354','Twinte','1985-10-06',100,3.233,'Q','2025-10-06',388.615,400.545,377.153,36.701,3.243,'BBB','USD',3),(362,'CIHW992071','Abatz','1988-05-16',100,1.298,'A','2028-05-16',490.955,491.078,489.85,-28.73,1.3,'C','USD',2),(363,'OZR97593','Livepath','1993-10-25',100,1.097,'S','2033-10-25',55.489,55.666,54.681,-4.615,1.098,'C','USD',3),(364,'KALCG4894','Eare','1980-02-11',100,4.622,'S','2020-02-11',413.192,432.898,408.569,37.046,4.643,'AA','GBP',3),(365,'FULBX527991','Roodel','2005-01-13',100,3.005,'Q','2045-01-13',31.821,32.144,30.244,0.972,3.014,'AA','EUR',3),(366,'VTBA4834','Zooxo','1991-02-12',100,2.49,'A','2031-02-12',293.182,295.129,293.122,71.831,2.496,'CCB','INR',2),(367,'DFZS038533','Trunyx','2007-03-26',100,4.962,'Q','2047-03-26',111.687,113.634,106.68,7.999,4.987,'AA','GBP',3),(368,'XFUVE731','Gabvine','1995-10-18',100,3.994,'A','2035-10-18',419.375,437.692,417.339,-1.061,4.01,'BBB','GBP',3),(369,'NPRO9099','Aibox','2007-09-30',100,1.686,'Q','2047-09-30',173.732,174.119,169.278,-5.642,1.689,'AA','USD',3),(370,'CBK23283','Innojam','2006-04-16',100,0.453,'S','2046-04-16',211.194,218.319,211.049,-1.526,0.453,'AA','EUR',2),(371,'FKHUM07498','Skyble','2005-09-08',100,2.446,'Q','2045-09-08',334.261,345.415,314.431,32.441,2.452,'CCC','INR',3),(372,'JWQ01894','Devcast','1987-06-16',100,2.274,'Q','2027-06-16',102.427,102.912,100.061,-7.397,2.279,'AA','EUR',2),(373,'KFLA979260','Bubblemix','2009-07-26',100,0.218,'S','2049-07-26',242.225,257.247,239.574,-8.964,0.218,'C','GBP',3),(374,'MDUQJ212796','Oozz','1990-08-11',100,4.573,'A','2030-08-11',453.626,476.15,444.867,-27.707,4.594,'A','USD',2),(375,'IFRJY103','Jabbersphere','2007-04-11',100,1.962,'Q','2047-04-11',290.999,300.871,281.886,-0.962,1.966,'A','USD',2),(376,'SNPDK61370','Eimbee','1979-11-27',100,1.157,'S','2019-11-27',86.843,88.493,81.891,1.494,1.158,'CCB','INR',3),(377,'KGMR5106','Riffwire','1981-04-05',100,4.148,'A','2021-04-05',130.284,134.931,126.633,0.406,4.165,'BBB','EUR',3),(378,'ODZSN3092','Skiptube','1993-08-26',100,3.676,'Q','2033-08-26',367.975,375.344,359.992,19.493,3.69,'CCC','INR',2),(379,'LDFK80855','Riffpath','1991-05-27',100,2.741,'Q','2031-05-27',25.583,26.81,25.4,-1.524,2.749,'A','INR',3),(380,'AOT251','Centidel','2010-02-06',100,4.036,'S','2050-02-06',193.57,203.991,193.465,20.666,4.052,'BB','INR',3),(381,'LOKQ845','Bubblebox','1986-07-27',100,1.715,'Q','2026-07-27',165.068,170.39,156.384,8.001,1.718,'BB','USD',3),(382,'UIGYL55478','Photobug','1996-08-03',100,3.782,'A','2036-08-03',100.275,110.229,99.526,18.891,3.796,'BB','INR',3),(383,'JYN190','Topdrive','1982-03-19',100,0.581,'Q','2022-03-19',457.397,463.346,447.268,-11.554,0.581,'A','GBP',2),(384,'TDVPB08557','Rooxo','1978-10-11',100,1.461,'S','2018-10-11',416.151,417.504,411.868,10.879,1.463,'AAA','GBP',2),(385,'SADQ558','Blogspan','1988-12-12',100,0.472,'S','2028-12-12',211.075,221.528,204.936,4.508,0.472,'BBB','GBP',2),(386,'GSUJL0483','Chatterpoint','2002-07-19',100,0.523,'S','2042-07-19',66.788,70.43,66.338,-1.295,0.523,'AAA','INR',2),(387,'YIV2177','Meejo','1991-10-08',100,1.514,'A','2031-10-08',137.19,137.816,131.559,7.629,1.516,'B','INR',2),(388,'QHIFN673','Tagtune','1984-07-17',100,4.377,'S','2024-07-17',173.804,178.699,173.32,-0.547,4.396,'A','EUR',3),(389,'JVYC067905','Vipe','1993-03-21',100,1.377,'S','2033-03-21',305.973,309.006,285.676,66.299,1.379,'AA','USD',3),(390,'KFMVX964','Feedfish','1999-04-02',100,4.445,'S','2039-04-02',252.401,270.625,245.998,-9.395,4.465,'AA','USD',2),(391,'FIED2732','Meeveo','2000-05-02',100,4.925,'Q','2040-05-02',181.762,189.94,178.088,4.812,4.949,'CCC','INR',2),(392,'YHPT890','Voolia','2000-11-27',100,0.601,'S','2040-11-27',236.568,247.845,235.453,41.334,0.601,'B','USD',3),(393,'NIBUH786260','Miboo','1996-03-17',100,0.779,'Q','2036-03-17',333.551,338.281,326.746,106.96,0.78,'AAA','EUR',2),(394,'JOK301434','Einti','1985-07-22',100,2.181,'Q','2025-07-22',219.099,222.67,211.848,-30.263,2.186,'AA','GBP',3),(395,'YRAWH5082','Quinu','1993-03-14',100,4.146,'S','2033-03-14',317.891,324.634,314.57,1.087,4.163,'CCB','GBP',3),(396,'VJGU0192','Pixonyx','1987-03-12',100,2.201,'A','2027-03-12',216.696,217.157,201.804,1.095,2.206,'CC','USD',2),(397,'MKBAQ247','Gabspot','1998-10-24',100,2.115,'S','2038-10-24',190.914,191.093,186.621,-14.192,2.119,'B','INR',2),(398,'KJEIH3647','Pixonyx','1996-11-01',100,4.772,'S','2036-11-01',398.716,399.381,398.103,2.964,4.795,'B','EUR',3),(399,'XAN9072','Feednation','1992-02-16',100,3.522,'A','2032-02-16',182.274,182.274,178.647,-14.235,3.534,'AA','EUR',3),(400,'BLY018','Camimbo','1995-10-17',100,4.996,'A','2035-10-17',97.939,100.197,93.354,0.258,5.021,'CCB','INR',3),(401,'PYI572','Mymm','1987-01-27',100,0.437,'A','2027-01-27',42.129,42.174,39.935,1.665,0.437,'CC','EUR',3),(402,'BIXUD85547','Innotype','2009-11-29',100,2.276,'A','2049-11-29',27.706,30.105,27.657,3.067,2.281,'AA','EUR',3),(403,'BWAK7005','Photojam','2001-01-13',100,2.434,'A','2041-01-13',17.185,17.451,16.985,-0.604,2.44,'A','USD',3),(404,'ALI990','Flashspan','1979-06-20',100,1.045,'A','2019-06-20',233.78,239.99,223.647,-7.777,1.046,'BBB','GBP',2),(405,'JVBS437','Centimia','1997-05-16',100,3.626,'A','2037-05-16',245.594,251.37,232.115,-0.872,3.639,'B','INR',3),(406,'PENJ905233','Flipstorm','2006-01-26',100,1.609,'S','2046-01-26',390.281,405.381,389.652,-27.424,1.612,'AA','USD',3),(407,'YTZP558382','Devcast','1989-03-14',100,2.786,'A','2029-03-14',322.707,323.727,320.328,31.491,2.794,'CCB','GBP',3),(408,'KIQGF041497','Skajo','2002-11-07',100,0.09,'A','2042-11-07',349.588,353.288,346.682,6.945,0.09,'A','USD',3),(409,'HKP0172','Divavu','1978-09-21',100,3.347,'A','2018-09-21',373.072,375.078,346.422,0.557,3.358,'A','EUR',3),(410,'JHAT02857','Avaveo','1986-02-23',100,2.972,'A','2026-02-23',159.457,162.154,156.025,0.341,2.981,'AA','INR',3),(411,'CXEB158203','Twiyo','2002-02-04',100,0.136,'A','2042-02-04',471.116,471.804,467.982,-21.612,0.136,'CCC','USD',2),(412,'OWRU648845','Abatz','1998-12-16',100,4.949,'S','2038-12-16',324.179,348.43,316.096,-3.944,4.973,'AAA','USD',2),(413,'MEC7589','Zooveo','1992-07-21',100,1.221,'S','2032-07-21',325.094,326.752,324.89,8.249,1.222,'A','GBP',3),(414,'EFWJC26219','Zoonder','1981-02-01',100,1.912,'Q','2021-02-01',207.199,211.237,200.02,-22.268,1.916,'A','GBP',3),(415,'SKJBM647','Eabox','1993-10-07',100,3.999,'A','2033-10-07',181.279,183.892,178.449,-4.386,4.015,'A','USD',3),(416,'DPSBE0144','Rhynyx','1997-10-13',100,4.26,'S','2037-10-13',80.791,87.091,79.314,-8.953,4.278,'C','INR',2),(417,'YOWL66154','Roodel','2004-07-15',100,3.171,'S','2044-07-15',189.137,190.01,179.103,12.427,3.181,'AA','GBP',3),(418,'UOIEY983','Livefish','1988-05-01',100,1.757,'A','2028-05-01',233.617,238.345,233.149,-31.735,1.76,'BBB','EUR',2),(419,'OQT115','Edgepulse','1997-01-25',100,4.207,'S','2037-01-25',170.488,170.488,159.867,-5.816,4.225,'AA','USD',2),(420,'SADF75967','Roomm','1996-12-23',100,4.8,'Q','2036-12-23',363.847,363.868,361.721,1.576,4.823,'AA','EUR',3),(421,'VYRFS955668','Shufflebeat','2006-02-02',100,2.529,'Q','2046-02-02',114.653,114.916,114.583,2.76,2.535,'AA','USD',2),(422,'SLQ5724','Twitternation','2007-05-31',100,0.635,'S','2047-05-31',432.334,433.18,431.794,-0.186,0.635,'BBB','EUR',2),(423,'GMF102748','Voomm','2006-03-28',100,2.429,'Q','2046-03-28',327.791,339.728,314.86,-2.466,2.435,'A','INR',3),(424,'NPBI849','Tagcat','1995-04-30',100,2.589,'Q','2035-04-30',188.177,189.289,187.15,-18.29,2.596,'A','INR',3),(425,'SUWD0178','Lajo','2006-01-14',100,3.718,'A','2046-01-14',330.452,337.703,321.223,-0.892,3.732,'BB','GBP',3),(426,'LJW81010','Voomm','1992-03-07',100,0.445,'S','2032-03-07',282.824,284.614,279.776,0.397,0.445,'C','GBP',2),(427,'TUMCX25728','Bluejam','2003-08-27',100,0.695,'S','2043-08-27',319.918,332.915,300.422,-56.18,0.695,'AA','EUR',2),(428,'VEGAT056','Brainverse','1995-01-12',100,1.61,'A','2035-01-12',18.245,18.281,16.488,0.758,1.613,'CC','EUR',3),(429,'WYLD73920','Muxo','1982-01-27',100,0.646,'Q','2022-01-27',343.459,345.808,340.344,-9.556,0.646,'AA','EUR',2),(430,'JVDXM693748','Wikibox','1984-03-03',100,2.193,'S','2024-03-03',162.74,165.179,152.345,0.353,2.198,'AA','EUR',3),(431,'EQW1393','Trupe','2008-04-13',100,0.207,'A','2048-04-13',401.778,410.131,385.564,-11.319,0.207,'A','EUR',3),(432,'GLMJP943','Bluejam','1980-07-16',100,3.743,'Q','2020-07-16',184.001,185.82,182.512,8.894,3.757,'CCB','EUR',3),(433,'DAEL511829','Kare','2008-04-23',100,1.805,'A','2048-04-23',432.567,435.678,429.579,-22.073,1.808,'A','INR',3),(434,'FVCP205','Feednation','1993-04-06',100,3.995,'S','2033-04-06',61.055,62.936,59.852,13.038,4.011,'BB','EUR',2),(435,'FTX004','Eare','1999-08-11',100,3.952,'Q','2039-08-11',227.758,233.101,210.84,-17.153,3.968,'AAA','INR',3),(436,'PBZK16837','Meejo','2006-09-12',100,0.272,'S','2046-09-12',444.235,462.488,442.647,13.686,0.272,'AAA','GBP',3),(437,'MFL875','Oyondu','1996-05-12',100,3.137,'S','2036-05-12',461.485,471.995,444.336,27.047,3.147,'AAA','GBP',2),(438,'DACRV626','Mynte','1982-10-01',100,3.993,'A','2022-10-01',68.653,70.424,67.262,-1.632,4.009,'AA','GBP',2),(439,'DPCF2106','Meembee','2004-07-12',100,4.468,'S','2044-07-12',208.025,211.838,199.128,-7.974,4.488,'B','USD',2),(440,'NCJQ8783','Ozu','1993-05-06',100,4.341,'Q','2033-05-06',47.501,51.211,47.042,-0.385,4.36,'B','GBP',3),(441,'RYDWG001','Agimba','1992-06-07',100,0.99,'S','2032-06-07',161.039,162.887,153.163,0.518,0.991,'CC','USD',3),(442,'EFG122','Voomm','2010-03-29',100,0.693,'S','2050-03-29',397.2,408.585,387.502,-3.892,0.693,'C','USD',3),(443,'UGOI585551','Fliptune','2009-02-21',100,3.567,'S','2049-02-21',398.062,398.595,371.969,-7.678,3.58,'BBB','EUR',2),(444,'NSFW365561','Browsedrive','1990-07-15',100,3.761,'A','2030-07-15',46.228,46.327,43.024,0.214,3.775,'CCC','EUR',2),(445,'AFE82121','Mynte','1993-06-28',100,0.684,'Q','2033-06-28',150.484,152.546,148.504,8.836,0.684,'C','EUR',3),(446,'OBY1377','Quamba','1984-06-23',100,0.81,'S','2024-06-23',462.199,463.048,450.916,25.525,0.811,'A','EUR',3),(447,'YFLQ52028','Skyba','1998-11-19',100,1.081,'S','2038-11-19',81.781,82.939,80.575,-0.253,1.082,'A','INR',2),(448,'UMF33910','Thoughtbeat','2002-10-05',100,1.543,'Q','2042-10-05',331.462,362.309,328.035,-3.243,1.545,'C','EUR',2),(449,'XPLJT970345','Divanoodle','1991-04-09',100,1.872,'S','2031-04-09',198.59,200.553,191.207,-4.061,1.876,'AA','EUR',2),(450,'AKCX6243','Twimm','1983-03-14',100,2.265,'Q','2023-03-14',404.171,415.296,385.229,39.832,2.27,'AA','EUR',3),(451,'ZFC3871','Katz','1991-02-27',100,0.286,'A','2031-02-27',412.702,421.883,402.35,38.932,0.286,'A','EUR',3),(452,'EVKBJ977736','Zoomdog','2005-12-07',100,2.342,'A','2045-12-07',338.832,341.308,338.646,10.108,2.347,'A','USD',2),(453,'DPZJ2589','Thoughtbridge','1985-07-11',100,4.833,'Q','2025-07-11',152.708,155.449,141.023,6.258,4.856,'AAA','EUR',3),(454,'YKHCX5210','Jabberbean','1979-05-13',100,2.204,'S','2019-05-13',114.648,116.697,105.914,1.07,2.209,'B','EUR',3),(455,'XVP960','Dabtype','2003-08-23',100,0.472,'A','2043-08-23',224.044,228.505,223.318,1.744,0.472,'AA','USD',2),(456,'IEH50636','Oozz','1995-02-01',100,2.44,'Q','2035-02-01',201.618,204.532,187.392,-4.737,2.446,'AA','EUR',3),(457,'QAH182701','Realfire','1989-05-25',100,2.669,'S','2029-05-25',71.854,73.926,70.415,3.884,2.676,'BBB','INR',3),(458,'DGR227','Demimbu','1979-12-01',100,4.229,'Q','2019-12-01',288.766,295.193,279.518,-6.455,4.247,'CCB','GBP',2),(459,'BCA050','Thoughtstorm','1989-05-07',100,4.341,'A','2029-05-07',475.392,496.26,460.281,1.833,4.36,'B','USD',3),(460,'ZFA61054','Mydeo','1995-05-12',100,3.15,'S','2035-05-12',173.071,181.607,170.801,-4.467,3.16,'A','USD',2),(461,'YODJK810838','Tambee','2009-04-14',100,0.039,'S','2049-04-14',288.521,302.722,280.532,-2.879,0.039,'AAA','EUR',3),(462,'JDOX1837','Zoomcast','2007-07-23',100,2.641,'S','2047-07-23',231.747,235.808,230.667,-4.432,2.648,'A','GBP',3),(463,'YVX346495','Jabbersphere','1998-02-20',100,0.809,'Q','2038-02-20',334.26,347.816,331.677,0.101,0.81,'CCC','GBP',3),(464,'SAZ271390','Zooxo','1987-06-29',100,2.88,'A','2027-06-29',452.446,477.207,450.865,-18.231,2.888,'B','EUR',2),(465,'JYH12611','Devshare','1986-02-02',100,1.682,'S','2026-02-02',121.741,124.46,121.299,2.714,1.685,'BB','INR',2),(466,'SHUFZ262485','Feedfish','1982-07-04',100,2.879,'Q','2022-07-04',185.058,190.205,180.847,5.883,2.887,'BB','GBP',2),(467,'NVKSY5675','Cogidoo','1999-06-29',100,3.147,'Q','2039-06-29',341.202,347.797,313.087,1.453,3.157,'A','USD',2),(468,'WHE621104','Browsecat','1995-04-07',100,3.518,'A','2035-04-07',432.584,433.351,407.783,18.31,3.53,'AAA','GBP',2),(469,'ZTV90329','Cogilith','2008-05-18',100,0.26,'Q','2048-05-18',53.606,54.923,53.094,38.306,0.26,'A','EUR',3),(470,'USZR383','Devify','2000-03-29',100,0.493,'Q','2040-03-29',117.957,118.72,115.087,-0.085,0.493,'BBB','GBP',2),(471,'EPHB701611','Fivebridge','1996-04-18',100,3.43,'S','2036-04-18',326.264,340.142,325.686,0.813,3.442,'CCB','USD',3),(472,'LFDVI962141','Tagopia','1994-09-24',100,3.826,'Q','2034-09-24',37.82,40.023,36.289,-2.834,3.841,'A','USD',2),(473,'NJDTZ675487','Zoomlounge','1993-11-26',100,3.799,'S','2033-11-26',284.266,285.8,271.853,-6.039,3.813,'C','GBP',2),(474,'TWZR57508','Vimbo','1994-09-26',100,3.803,'S','2034-09-26',243.167,259.87,237.599,1.905,3.817,'B','GBP',2),(475,'JLXI8133','Skinix','1986-02-10',100,4.64,'Q','2026-02-10',315.319,331.226,304.264,2.186,4.662,'BB','USD',3),(476,'ZSV261','Wikido','1991-02-25',100,4.632,'A','2031-02-25',129.805,131.1,129.107,36.701,4.653,'BBB','EUR',3),(477,'LJZ297457','Topdrive','1999-10-27',100,4.619,'S','2039-10-27',321.767,324.202,303.907,7.544,4.64,'CCB','INR',2),(478,'SEFR99056','Aibox','1989-05-28',100,2.301,'Q','2029-05-28',300.148,310.052,280.039,16.58,2.306,'C','INR',3),(479,'DULPG013455','Flashspan','2001-02-21',100,1.998,'S','2041-02-21',459.521,475.825,457.506,2.035,2.002,'A','GBP',2),(480,'XBGFQ8372','Edgepulse','1995-05-18',100,4.533,'A','2035-05-18',451.62,459.462,436.397,23.021,4.554,'A','GBP',2),(481,'IZCBP1587','Oyoyo','1988-03-05',100,2.258,'A','2028-03-05',75.822,80.714,73.07,0.625,2.263,'CCC','USD',2),(482,'GTQ44159','Flashspan','1997-10-24',100,4.877,'Q','2037-10-24',201.278,202.08,194.785,-11.809,4.901,'BBB','GBP',3),(483,'OMB492','Skinix','2002-07-31',100,3.424,'A','2042-07-31',71.046,71.794,66.043,0.469,3.436,'CCB','USD',3),(484,'FOCV9872','Dazzlesphere','1996-11-10',100,4.809,'Q','2036-11-10',125.785,129.049,125.539,2.81,4.832,'AA','INR',3),(485,'IXSC4106','Twimbo','2005-08-19',100,2.364,'S','2045-08-19',412.111,413.734,409.348,18.727,2.37,'B','INR',3),(486,'SDAX683979','Einti','1992-10-02',100,2.307,'A','2032-10-02',190.505,196.22,186.193,-4.364,2.312,'AA','GBP',3),(487,'NHEIL2213','Zazio','1998-10-19',100,0.872,'Q','2038-10-19',42.927,42.927,42.352,-0.207,0.873,'CCB','INR',3),(488,'CSE095','Photobean','2008-12-08',100,4.879,'A','2048-12-08',49.076,49.258,45.613,-3.572,4.903,'A','INR',3),(489,'NZA359486','Zava','2005-02-18',100,0.34,'A','2045-02-18',270.489,270.779,256.292,-3.315,0.34,'A','USD',2),(490,'FSE06771','Skipfire','1987-04-11',100,4.026,'A','2027-04-11',142.598,144.126,136.084,6.015,4.042,'BBB','USD',2),(491,'HZBR19035','Brainlounge','1998-03-24',100,4.033,'S','2038-03-24',37.129,37.38,35.29,0.851,4.049,'CCC','GBP',2),(492,'QRPE486206','Quatz','1980-03-02',100,2.574,'S','2020-03-02',51.269,52.518,50.654,1.169,2.581,'B','EUR',2),(493,'SOF587','Thoughtmix','1992-08-13',100,0.436,'Q','2032-08-13',36.922,38.516,36.332,-8.283,0.436,'AA','GBP',3),(494,'ARHYK4589','Youbridge','1984-06-14',100,1.876,'A','2024-06-14',435.818,440.468,407.257,-69.389,1.88,'AAA','EUR',3),(495,'WAR173375','Skynoodle','1984-01-01',100,0.175,'A','2024-01-01',399.052,406.715,368.402,13.277,0.175,'AAA','USD',3),(496,'ZCQUM907942','Yodo','1987-11-06',100,1.406,'Q','2027-11-06',223.253,223.34,218.985,25.028,1.408,'BB','USD',3),(497,'ZXS2652','Kwilith','1997-09-20',100,0.188,'A','2037-09-20',48.401,49.31,45.814,0.135,0.188,'A','USD',3),(498,'EONUG483','Avamm','2009-10-04',100,1.395,'A','2049-10-04',173.901,174.998,172.111,-72.643,1.397,'CCB','INR',3),(499,'FVKU839','Skidoo','1986-09-17',100,2,'Q','2026-09-17',274.902,283.958,270.64,-2.459,2.004,'AA','GBP',3),(500,'FMAP161','Shuffledrive','2005-11-10',100,1.215,'S','2045-11-10',205.9,222.987,201.892,-2.884,1.216,'AA','USD',3),(501,'BZE32994','Ntags','2003-06-11',100,1.631,'Q','2043-06-11',101.461,105.025,97.6,-2.917,1.634,'CCB','INR',3),(502,'ZPUF086544','Realbridge','1980-08-04',100,2.362,'S','2020-08-04',49.442,53.192,49.245,-4.137,2.368,'A','INR',3),(503,'HLW106806','Rhyzio','1979-12-04',100,2.664,'S','2019-12-04',187.959,189.261,185.192,7.564,2.671,'B','USD',2),(504,'ORECL43535','Jamia','1981-01-23',100,0.12,'Q','2021-01-23',114.578,116.25,113.367,12.322,0.12,'B','USD',3),(505,'RDGWX73196','Lazz','1980-01-15',100,1.891,'A','2020-01-15',392.395,394.894,363.658,9.447,1.895,'B','USD',2),(506,'IBXU503','Fliptune','1997-03-26',100,1.018,'S','2037-03-26',378.61,385.267,376.945,-1.056,1.019,'A','EUR',2),(507,'FAYS413','Youbridge','1997-12-08',100,3.398,'Q','2037-12-08',267.123,288.239,266.909,-18.888,3.41,'BB','EUR',2),(508,'WYFH8611','Tekfly','1993-12-27',100,3.423,'S','2033-12-27',428.902,429.924,428.677,0.221,3.435,'A','EUR',2),(509,'YBAZ44658','Digitube','1999-12-27',100,4.089,'Q','2039-12-27',272.985,283.689,272.767,0.022,4.106,'A','INR',2),(510,'JTBG331','Zoovu','2009-12-06',100,0.296,'S','2049-12-06',146.127,150.114,137.655,-0.062,0.296,'A','GBP',2),(511,'WBDP220','Skimia','1996-12-21',100,2.61,'A','2036-12-21',171.29,179.983,169.634,-0.734,2.617,'A','EUR',3),(512,'GNPZY162','Vipe','1989-06-15',100,0.656,'S','2029-06-15',391.452,391.634,390.498,-88.041,0.656,'BBB','GBP',3),(513,'GYPZ48153','Fliptune','1990-06-20',100,1.497,'A','2030-06-20',419.509,421.447,416.347,-35.816,1.499,'AA','EUR',3),(514,'MSVZ929322','Shufflebeat','1986-12-20',100,2.789,'Q','2026-12-20',85.183,86.227,84.735,4.627,2.797,'B','GBP',2),(515,'KYU436','Thoughtsphere','2006-05-21',100,2.615,'Q','2046-05-21',341.01,344.079,313.387,14.801,2.622,'AA','GBP',3),(516,'XRG534702','Twitterwire','2003-09-22',100,4.633,'Q','2043-09-22',170.522,170.785,157.635,27.496,4.654,'AA','EUR',2),(517,'QUXM20340','Skajo','1993-12-27',100,3.666,'A','2033-12-27',346.866,361.595,341.418,-2.162,3.679,'A','EUR',3),(518,'RQIY8648','Jaxnation','1998-05-18',100,1.592,'A','2038-05-18',33.567,34.53,33.311,0.223,1.595,'A','INR',3),(519,'UWA116218','Mycat','1986-08-18',100,2.142,'Q','2026-08-18',382.085,391.029,353.764,3.619,2.147,'CCB','GBP',3),(520,'BRA02846','Voolia','1990-12-16',100,2.362,'S','2030-12-16',141.914,151.274,138.794,-1.489,2.368,'CCB','USD',3),(521,'TYCZO67152','Oyope','1979-06-23',100,4.097,'S','2019-06-23',95.633,96.245,94.753,4.535,4.114,'AA','GBP',2),(522,'DAFC146','Dynabox','2001-05-24',100,3.924,'A','2041-05-24',343.836,344.764,321.561,3.064,3.939,'A','GBP',3),(523,'NEO247','Realcube','1999-06-27',100,3.498,'S','2039-06-27',254.26,265.701,253.399,-16.675,3.51,'AAA','USD',2),(524,'HGBX42630','Gabtune','1979-02-03',100,0.312,'S','2019-02-03',72.678,73.901,67.464,0.209,0.312,'C','GBP',3),(525,'FVXSE57480','Dynazzy','2002-09-12',100,4.52,'S','2042-09-12',448.016,464.069,429.914,-33.311,4.54,'A','EUR',3),(526,'RJNYE656','Browsezoom','1990-08-26',100,1.885,'S','2030-08-26',327.243,330.766,325.805,15.815,1.889,'AAA','USD',3),(527,'PDY283','Myworks','1985-05-30',100,1.078,'S','2025-05-30',385.787,393.951,356.841,8.066,1.079,'AA','GBP',2),(528,'GLX7360','Yadel','1981-11-04',100,2.532,'S','2021-11-04',351.911,370.458,348.379,-2.907,2.538,'C','EUR',3),(529,'OEGTI846252','Dabshots','1986-08-05',100,3.395,'Q','2026-08-05',385.143,386.813,381.9,-74.669,3.407,'B','USD',3),(530,'HVY15901','Agimba','1985-04-30',100,0.459,'Q','2025-04-30',94.001,96.74,93.228,3.676,0.459,'A','EUR',2),(531,'CWAQR99641','Ainyx','1996-07-01',100,4.691,'Q','2036-07-01',273.36,294.919,269.851,20.533,4.713,'AA','USD',3),(532,'CDAKH5307','Pixonyx','1996-09-04',100,1.486,'S','2036-09-04',322.531,324.382,293.533,-14.165,1.488,'A','GBP',3),(533,'AIHG75324','Edgewire','2006-03-03',100,0.792,'Q','2046-03-03',107.601,111.5,105.501,0.107,0.793,'AA','USD',3),(534,'YUQ826444','Innojam','1997-10-05',100,3.65,'S','2037-10-05',459.688,459.732,457.525,16.571,3.663,'B','INR',3),(535,'XUZWO773498','Jazzy','1992-10-10',100,4.756,'Q','2032-10-10',333.181,339.637,330.671,9.202,4.779,'A','INR',3),(536,'WRDQI592','Brainsphere','2004-06-20',100,1.03,'A','2044-06-20',497.364,498.676,454.942,3.707,1.031,'AA','GBP',2),(537,'OYJAN04793','Browsezoom','1998-05-19',100,3.147,'A','2038-05-19',322.201,326.718,318.354,13.566,3.157,'A','GBP',3),(538,'XOS1551','Cogibox','1997-11-01',100,0.696,'S','2037-11-01',132.342,133.085,123.796,1.41,0.696,'CCB','GBP',3),(539,'BOJ096','Wordware','2000-10-19',100,1.277,'Q','2040-10-19',483.041,487.871,477.138,-29.908,1.279,'A','EUR',2),(540,'LTPU197714','Mynte','1995-01-16',100,4.159,'S','2035-01-16',169.774,179.283,164.654,-8.923,4.176,'A','INR',3),(541,'OFLHW6357','Riffpath','1980-09-16',100,4.267,'Q','2020-09-16',223.321,230.35,222.08,9.821,4.285,'AA','EUR',2),(542,'FUQWB252749','Thoughtstorm','1997-10-13',100,1.062,'Q','2037-10-13',263.961,272.177,251.111,-23.808,1.063,'CCB','GBP',2),(543,'COAU233466','Fivechat','1982-01-18',100,0.717,'A','2022-01-18',366.767,369.509,359.717,-86.445,0.718,'A','INR',2),(544,'CDJX2947','Plambee','2006-01-05',100,2.265,'S','2046-01-05',203.662,214.2,203.447,28.728,2.27,'BB','GBP',2),(545,'PJZL054007','Demimbu','2003-11-20',100,4.508,'Q','2043-11-20',361.877,362.059,361.733,2.857,4.528,'BB','EUR',3),(546,'QNELO581738','Gabspot','1993-05-07',100,1.336,'A','2033-05-07',350.354,357.379,330.361,-1.292,1.338,'BB','EUR',2),(547,'NGTFS039062','Jazzy','1979-10-14',100,0.834,'A','2019-10-14',327.916,334.128,323.035,-9.785,0.835,'AA','GBP',2),(548,'KDIY07737','Feedmix','1999-12-03',100,0.533,'Q','2039-12-03',72.994,73.989,69.468,1.902,0.533,'BBB','EUR',3),(549,'ZIJAG619','Kanoodle','2009-02-09',100,4.668,'S','2049-02-09',377.071,385.407,365.559,-71.299,4.69,'C','GBP',3),(550,'JCSP365','Realpoint','2000-03-16',100,4.113,'A','2040-03-16',204.785,211.62,197.949,0.169,4.13,'BBB','USD',3),(551,'HYL945','Tazz','1985-10-22',100,1.861,'A','2025-10-22',159.531,165.274,157.407,20.822,1.864,'B','EUR',3),(552,'RFPK1452','Mycat','1991-08-16',100,0.36,'A','2031-08-16',152.199,153.729,144.167,19.109,0.36,'AA','GBP',3),(553,'GLR36489','Viva','1983-12-18',100,2.723,'Q','2023-12-18',352.819,363.093,334.554,21.639,2.73,'AA','GBP',3),(554,'AZKNF4944','Tagcat','1984-06-05',100,1.695,'S','2024-06-05',284.435,292.895,276.932,-10.063,1.698,'CCB','GBP',2),(555,'WKBU330','Rhynyx','1990-02-06',100,1.907,'Q','2030-02-06',263.502,263.6,258.697,-0.875,1.911,'AAA','EUR',3),(556,'ZLK48376','Leexo','2006-06-06',100,4.768,'S','2046-06-06',239.793,244.888,235.95,4.047,4.791,'BB','EUR',2),(557,'IMD591719','Zoonoodle','1995-11-24',100,4.049,'A','2035-11-24',291.232,299.393,279.962,0.086,4.065,'CCB','EUR',3),(558,'LCNIY094','Voolia','2009-07-12',100,1.964,'Q','2049-07-12',336.689,345.614,327.02,17.532,1.968,'A','EUR',2),(559,'ZBWQN1670','Topiclounge','1999-03-30',100,1.483,'A','2039-03-30',76.996,78.139,75.209,-2.191,1.485,'C','GBP',2),(560,'CHVYU540715','Tazz','1994-02-20',100,4.862,'A','2034-02-20',329.258,333.647,328.876,-18.643,4.886,'C','GBP',3),(561,'VNP0170','Leenti','2009-02-08',100,3.2,'Q','2049-02-08',62.438,63.144,61.003,-0.036,3.21,'CCB','EUR',2),(562,'JVI575968','Livetube','2007-10-13',100,3.375,'Q','2047-10-13',390.762,394.49,380.683,-19.021,3.386,'A','EUR',2),(563,'XMBAW10677','Centizu','1985-09-25',100,2.808,'A','2025-09-25',21.245,22.113,21.2,-1.31,2.816,'AA','GBP',3),(564,'WHQL841534','Vimbo','1988-11-13',100,1.032,'A','2028-11-13',171.672,172.076,158.602,0.913,1.033,'AA','GBP',3),(565,'ENRJF526','Jetpulse','1979-10-12',100,4.428,'A','2019-10-12',127.282,130.176,122.561,1.179,4.448,'AA','USD',2),(566,'LDKH743','Eadel','1998-03-07',100,2.143,'S','2038-03-07',351.721,354.706,348.853,1.137,2.148,'AA','EUR',2),(567,'DFB30825','Quire','1979-02-24',100,2.796,'Q','2019-02-24',321.404,321.82,301.03,11.663,2.804,'B','INR',3),(568,'NOM8279','Reallinks','1990-03-31',100,2.076,'S','2030-03-31',59.563,62.219,57.011,-1.138,2.08,'BBB','INR',3),(569,'TNO56914','Jatri','1990-07-22',100,0.413,'Q','2030-07-22',344.309,352.956,328.249,-0.033,0.413,'AAA','INR',2),(570,'ZLEKC431138','Chatterbridge','1994-06-02',100,3.76,'A','2034-06-02',14.998,15.335,14.933,-1.584,3.774,'BBB','INR',2),(571,'VJZA61276','Wordtune','1988-06-08',100,3.319,'S','2028-06-08',211.993,213.839,211.765,17.414,3.33,'A','GBP',3),(572,'JORHB98447','Katz','2002-09-04',100,1.086,'Q','2042-09-04',378.506,383.127,375.426,-0.419,1.087,'AA','INR',2),(573,'TQR40989','Yozio','1983-05-30',100,0.769,'S','2023-05-30',46.95,47.571,46.191,0.326,0.77,'AAA','INR',2),(574,'UAKFY80300','Gabtype','1984-03-22',100,3.962,'Q','2024-03-22',48.612,49.045,46.985,-0.146,3.978,'B','USD',3),(575,'BOSYP308231','Zoozzy','2005-05-30',100,2.675,'Q','2045-05-30',364.487,381.51,363.007,-46.007,2.682,'A','INR',3),(576,'AICK1610','Fanoodle','1992-01-29',100,1.843,'S','2032-01-29',428.128,465.306,421.567,-3.664,1.846,'BBB','INR',3),(577,'BXPYH67835','Plajo','2007-05-14',100,4.624,'Q','2047-05-14',434.951,450.95,421.323,-14.819,4.645,'A','USD',3),(578,'LXZW749058','Podcat','2000-11-18',100,4.924,'A','2040-11-18',247.716,256.045,234.128,-8.416,4.948,'AA','EUR',3),(579,'QZCY276126','Fivechat','1999-09-29',100,3.712,'S','2039-09-29',64.75,66.097,60.485,-0.403,3.726,'AA','INR',2),(580,'RPFIE544','Linklinks','1996-03-11',100,2.633,'A','2036-03-11',163.272,167.416,153.604,-2.357,2.64,'BBB','EUR',2),(581,'YCQU6622','Feednation','2009-01-13',100,2.003,'S','2049-01-13',293.775,303.187,276.294,1.143,2.007,'A','INR',2),(582,'IRMCG33640','Skiptube','2005-01-07',100,3.621,'S','2045-01-07',390.922,397.354,363.499,20.284,3.634,'B','GBP',2),(583,'VOCXI091052','Devcast','1985-05-05',100,2.769,'S','2025-05-05',150.022,150.022,135.545,1.179,2.777,'C','USD',3),(584,'ZDTGK86150','Skinder','2002-03-30',100,4.593,'S','2042-03-30',302.45,310.675,284.143,-12.933,4.614,'CCC','EUR',3),(585,'WSE210859','Yadel','1995-07-08',100,3.777,'S','2035-07-08',341.368,357.945,328.343,-23.369,3.791,'CCB','INR',2),(586,'KIHL66211','Jabberbean','1999-09-22',100,3.675,'A','2039-09-22',419.958,455.336,418.864,-36.61,3.689,'A','USD',3),(587,'MHKD4528','Fatz','2010-07-24',100,2.615,'S','2050-07-24',157.6,157.725,151.495,1.721,2.622,'BB','USD',3),(588,'FEK79905','Quinu','1982-12-15',100,0.96,'S','2022-12-15',449.563,452.854,448.688,15.847,0.961,'A','USD',3),(589,'VUEA7161','Lazz','1991-06-16',100,2.871,'A','2031-06-16',318.436,323.647,313.226,22.687,2.879,'A','GBP',3),(590,'SFBXZ5387','Dynabox','1986-02-13',100,1.269,'S','2026-02-13',382.621,382.797,365.15,-2.367,1.271,'BB','GBP',3),(591,'REM443','Skyba','2009-01-26',100,0.675,'A','2049-01-26',456.211,463.588,432.852,-21.64,0.675,'A','INR',3),(592,'AUHX84772','Rhycero','1987-10-04',100,1.625,'Q','2027-10-04',474.665,479.464,461.005,-151.963,1.628,'A','INR',2),(593,'OJP6968','Flashset','2004-04-11',100,3.464,'A','2044-04-11',337.458,365.157,336.602,-2.694,3.476,'AAA','EUR',2),(594,'UJOZR2785','Yakitri','2009-05-31',100,3.123,'Q','2049-05-31',163.579,171.862,162.341,-0.168,3.133,'C','EUR',2),(595,'ZRCE7290','Yamia','2001-03-07',100,3.488,'S','2041-03-07',127.013,130.196,126.537,5.383,3.5,'CCC','USD',2),(596,'ZEGI561128','Dabtype','1994-03-21',100,1.878,'S','2034-03-21',111.186,112.467,110.465,0.063,1.882,'AAA','USD',3),(597,'STCV615','Wordpedia','2006-04-09',100,4.283,'S','2046-04-09',382.989,391.66,367.573,-0.448,4.301,'AAA','EUR',3),(598,'XQDG4475','Devpulse','2006-11-17',100,1.433,'S','2046-11-17',392.117,403.896,378.289,-5.088,1.435,'AA','EUR',2),(599,'XRGCV243','Voolia','2000-09-30',100,4.594,'Q','2040-09-30',56.256,56.288,55.883,-1.373,4.615,'BB','GBP',2),(600,'YIR532','Oozz','1985-03-08',100,0.618,'A','2025-03-08',117.076,127.863,116.509,-9.65,0.618,'AA','USD',3),(601,'NOV5222','Browsetype','1997-03-14',100,0.903,'A','2037-03-14',494.211,494.601,481.593,2.864,0.904,'A','EUR',3),(602,'VFLZ932564','Livetube','2004-08-20',100,2.478,'A','2044-08-20',81.397,85.358,81.099,2.426,2.484,'AA','USD',3),(603,'CKAZ03899','Yabox','1990-10-07',100,4.512,'S','2030-10-07',444.99,465.305,433.059,-23.514,4.532,'BB','INR',3),(604,'ETUCH338695','Realbridge','1981-02-11',100,2.651,'A','2021-02-11',150.863,160.465,149.553,-0.109,2.658,'A','INR',3),(605,'VCKQ59239','Jaxnation','1990-11-10',100,1.452,'Q','2030-11-10',36.77,37.302,36.645,0.019,1.454,'A','INR',2),(606,'NMO45304','DabZ','1986-06-12',100,2.971,'A','2026-06-12',124.66,133.629,122.952,0.087,2.98,'AA','EUR',2),(607,'XPO820966','Buzzster','2008-08-17',100,2.437,'S','2048-08-17',212.298,212.475,208.927,2.667,2.443,'CCB','GBP',2),(608,'RXB13194','Livetube','1981-06-17',100,4.586,'S','2021-06-17',449.782,459.036,448.019,-87.814,4.607,'AA','EUR',2),(609,'WVHU531420','Yakijo','1995-07-18',100,2.112,'S','2035-07-18',164.861,165.445,163.675,-0.08,2.116,'A','INR',3),(610,'JBDW876','Quatz','1985-02-13',100,1.111,'S','2025-02-13',323.693,333.325,316.125,2.9,1.112,'CCC','GBP',2),(611,'FNIK74401','Leexo','1998-07-07',100,0.849,'S','2038-07-07',119.504,125.732,118.49,-11.692,0.85,'A','USD',2),(612,'GUREB6802','Flashdog','1991-04-25',100,3.148,'A','2031-04-25',94.556,95.005,87.528,3.291,3.158,'AA','INR',3),(613,'KDJ422976','Cogidoo','1997-12-21',100,0.639,'S','2037-12-21',278.361,287.935,262.741,18.475,0.639,'BB','GBP',2),(614,'IZO249965','Topiclounge','1991-10-19',100,3.656,'A','2031-10-19',319.04,326.517,319.04,-7.001,3.669,'AAA','EUR',3),(615,'IECJK861427','Photojam','1990-08-31',100,2.531,'S','2030-08-31',162.401,172.426,160.632,0.363,2.537,'AA','USD',2),(616,'NIFM099','Bubblebox','1999-12-10',100,1.416,'Q','2039-12-10',284.713,297.458,272.947,1.512,1.418,'BBB','EUR',3),(617,'TGPM312635','Aibox','1979-04-14',100,3.587,'Q','2019-04-14',448.417,456.245,422.209,65.086,3.6,'C','USD',3),(618,'TRPEL560104','Skinte','2000-04-08',100,1.841,'S','2040-04-08',254.976,257.354,249.427,31.172,1.844,'BB','EUR',3),(619,'ZST836058','Meevee','1999-08-31',100,0.385,'Q','2039-08-31',363.35,364.467,345.843,0.516,0.385,'B','INR',2),(620,'CGEQ9651','Layo','1998-08-13',100,4.445,'S','2038-08-13',327.252,340.013,311.01,42.691,4.465,'A','INR',2),(621,'NRZT51104','Skiptube','1986-04-27',100,2.168,'S','2026-04-27',264.923,267.121,254.192,-0.766,2.173,'AA','INR',3),(622,'ASGFN624','DabZ','1997-09-18',100,3.513,'S','2037-09-18',390.276,393.892,381.839,17.042,3.525,'AA','USD',3),(623,'BJN17920','Thoughtsphere','2003-07-12',100,4.723,'A','2043-07-12',387.369,403.849,381.274,1.565,4.745,'CCB','USD',2),(624,'FLKR3415','Jayo','1987-11-15',100,2.641,'S','2027-11-15',104.264,112.843,102.868,3.745,2.648,'AA','EUR',2),(625,'WCBKV313','Skynoodle','2008-03-16',100,1.695,'A','2048-03-16',380.438,387.471,355.505,-0.751,1.698,'BBB','GBP',3),(626,'JTFE256','Realmix','1988-05-19',100,1.45,'A','2028-05-19',155.018,157.731,150.775,30.13,1.452,'A','INR',3),(627,'AVP626383','Fadeo','1986-09-12',100,2.605,'A','2026-09-12',107.377,112.472,104.385,9.768,2.612,'BBB','INR',2),(628,'RJZA81432','Realcube','2010-08-24',100,3.231,'Q','2050-08-24',48.989,52.612,47.509,3.034,3.241,'AA','INR',2),(629,'MPN39799','Oba','2004-11-24',100,1.649,'A','2044-11-24',195.319,195.47,194.102,-1.211,1.652,'C','USD',2),(630,'FETK413685','Gabvine','2003-12-04',100,2.743,'Q','2043-12-04',347.103,348.545,341.679,-27.22,2.751,'BBB','EUR',2),(631,'LQEJ50733','JumpXS','1993-08-21',100,4.844,'S','2033-08-21',26.421,26.745,26.122,-2.217,4.867,'BBB','INR',2),(632,'PGOZ716402','Youopia','1981-09-03',100,4.381,'A','2021-09-03',333.724,338.618,316.371,21.839,4.4,'BBB','INR',2),(633,'EQBJO56066','Blogtag','1993-12-27',100,1.113,'A','2033-12-27',465.922,475.86,465.058,32.859,1.114,'AAA','USD',3),(634,'UYBTZ394434','Centidel','1999-03-16',100,0.695,'Q','2039-03-16',62.184,62.302,62.146,-0.206,0.695,'AA','INR',3),(635,'JCPHO190','Yombu','2004-12-17',100,2.627,'Q','2044-12-17',445.538,462.268,444.84,-21.065,2.634,'AAA','INR',2),(636,'ZOLH596','Meevee','2008-03-06',100,4.999,'Q','2048-03-06',396.923,409.974,393.862,-70.047,5.024,'CCB','INR',3),(637,'EJR22359','Talane','1990-02-04',100,3.256,'A','2030-02-04',252.021,269.553,247.638,1.127,3.267,'AA','GBP',2),(638,'ADMNI188','Voolith','1989-07-18',100,0.751,'S','2029-07-18',370.245,371.679,347.78,-0.442,0.752,'A','EUR',2),(639,'KXS4949','Flipstorm','1984-11-08',100,4.69,'A','2024-11-08',21.664,21.701,21.545,0.611,4.712,'AA','INR',3),(640,'YINX95097','Eire','1991-01-17',100,0.021,'S','2031-01-17',74.861,74.919,74.844,7.111,0.021,'AA','GBP',2),(641,'VJTKW0434','Twitterworks','1998-01-15',100,1.258,'S','2038-01-15',157.807,160.221,156.264,-4.912,1.26,'AA','INR',3),(642,'ALW08948','Wikibox','2006-09-09',100,2.253,'S','2046-09-09',168.94,182.598,167.077,0.341,2.258,'BBB','INR',2),(643,'NFA8715','Rooxo','1995-02-01',100,3.264,'A','2035-02-01',411.487,412.204,409.813,19.356,3.275,'AA','USD',3),(644,'NMLHV7812','Edgepulse','1989-08-20',100,3.592,'S','2029-08-20',378.812,394.084,366.813,-1.464,3.605,'AA','GBP',2),(645,'XKZ7329','Katz','1981-07-24',100,0.284,'Q','2021-07-24',204.585,210.645,200.871,-1.462,0.284,'CCB','GBP',2),(646,'FCNZ1438','Demimbu','1990-01-03',100,3.432,'Q','2030-01-03',391.751,394.328,389.557,53.646,3.444,'B','INR',2),(647,'WKDO31383','Twiyo','2005-05-18',100,3.541,'A','2045-05-18',391.654,409.266,382.582,40.23,3.554,'A','USD',2),(648,'ZVG1396','Skippad','2007-12-18',100,0.774,'Q','2047-12-18',220.078,222.15,218.24,-0.854,0.775,'A','USD',3),(649,'UWTV742','Youspan','1980-09-01',100,2.569,'A','2020-09-01',299.937,302.49,291.389,16.499,2.576,'CCC','GBP',3),(650,'HXQOJ180','Vitz','1984-04-27',100,1.046,'A','2024-04-27',333.592,333.985,327.439,-15.161,1.047,'AA','USD',3),(651,'OJHX00582','Yakitri','1979-11-01',100,3.416,'Q','2019-11-01',449.699,457.902,426.353,14.751,3.428,'B','GBP',2),(652,'SLXT6346','Fanoodle','2001-02-02',100,3.954,'Q','2041-02-02',228.376,242.165,224.487,-26.117,3.97,'C','EUR',3),(653,'HFYX890','Skiptube','1996-12-08',100,2.35,'S','2036-12-08',424.618,430.874,423.765,4.107,2.356,'BB','INR',3),(654,'ACQ735','Voolith','1996-05-10',100,4.318,'S','2036-05-10',169.215,176.784,160.679,-13.067,4.337,'AA','EUR',2),(655,'MHJ40286','Teklist','1979-02-06',100,4.902,'S','2019-02-06',110.58,111.036,101.909,26.402,4.926,'AA','EUR',2),(656,'TUW346736','Feedbug','1986-08-31',100,2.087,'Q','2026-08-31',465.574,468.791,461.947,-39.864,2.091,'A','EUR',2),(657,'ROY485893','Dynazzy','1998-05-18',100,2.861,'A','2038-05-18',269.814,282.111,268.598,-30.422,2.869,'CCC','INR',3),(658,'BPY90226','Photobean','2005-06-05',100,3.34,'S','2045-06-05',492.852,496.661,490.8,49.562,3.351,'A','INR',3),(659,'ECJDS653618','Yodo','1988-05-23',100,1.987,'A','2028-05-23',95.347,96.499,95.023,3.234,1.991,'A','INR',3),(660,'KWAI59521','Photojam','1982-02-02',100,3.41,'S','2022-02-02',403.728,410.008,373.066,7.182,3.422,'B','INR',3),(661,'FOBNK669848','Yamia','1981-07-03',100,2.915,'Q','2021-07-03',349.452,365.115,329.516,26.075,2.923,'B','GBP',2),(662,'SJUL2956','Vinte','1986-02-14',100,3.671,'A','2026-02-14',38.75,38.963,38.671,-0.239,3.684,'BB','EUR',2),(663,'EJUZ78504','Jabberbean','1990-08-31',100,2.837,'A','2030-08-31',440.281,456.415,424.146,76.094,2.845,'AA','EUR',3),(664,'XBQ746106','Avamm','1989-06-09',100,3.408,'S','2029-06-09',16.605,16.605,15.999,3.694,3.42,'A','USD',2),(665,'WVIA61892','Tavu','1987-03-22',100,1.432,'A','2027-03-22',421.109,421.109,393.905,-26.829,1.434,'BB','GBP',2),(666,'NPU16334','Wikibox','2001-02-15',100,4.753,'S','2041-02-15',162.427,165.275,153.408,-1.897,4.776,'AA','GBP',2),(667,'XZM99926','Feedfish','1984-01-29',100,1.292,'S','2024-01-29',399.938,417.882,398.994,1.882,1.294,'B','EUR',2),(668,'LAW468','Dabtype','1984-09-12',100,1.289,'Q','2024-09-12',190.522,191.829,173.164,8.387,1.291,'A','GBP',3),(669,'LAPXI424085','Linktype','1997-11-05',100,3.251,'S','2037-11-05',404.869,427.721,396.84,-43.321,3.262,'A','USD',3),(670,'LPG6833','Katz','1987-10-11',100,1.031,'A','2027-10-11',403.66,404.078,383.187,2.972,1.032,'BBB','INR',3),(671,'WISB41047','Kwilith','2003-12-23',100,0.575,'S','2043-12-23',37.164,39.132,35.274,2.058,0.575,'A','USD',3),(672,'JYGCV7957','Dazzlesphere','1992-02-08',100,3.691,'Q','2032-02-08',149.372,149.387,149.238,30.96,3.705,'BBB','GBP',2),(673,'EQZT33433','Fliptune','1984-02-14',100,3.057,'S','2024-02-14',209.631,209.631,202.671,-32.081,3.066,'AA','GBP',3),(674,'OHUG40366','Podcat','1996-08-24',100,2.511,'Q','2036-08-24',480.329,487.814,461.082,29.856,2.517,'BB','INR',2),(675,'EPF13270','Kare','1999-10-22',100,3.877,'S','2039-10-22',197.899,205.034,196.833,-1.023,3.892,'B','USD',2),(676,'HIQ044006','Babblestorm','2003-06-25',100,3.045,'A','2043-06-25',426.736,433.333,403.346,-11.486,3.054,'A','GBP',2),(677,'XAUD092587','Tagchat','1985-05-12',100,3.97,'S','2025-05-12',323.485,329.777,303.56,30.416,3.986,'C','EUR',2),(678,'AMTF5155','Edgepulse','1989-11-10',100,2.088,'A','2029-11-10',277.377,278.955,277.03,1.097,2.092,'A','INR',3),(679,'TOE091','Zoombeat','1982-06-12',100,0.7,'Q','2022-06-12',26.707,27.553,26.043,1.822,0.7,'BBB','GBP',2),(680,'IXAB024714','Livepath','2009-05-13',100,3.052,'S','2049-05-13',332.464,359.81,325.628,22.912,3.061,'BB','INR',2),(681,'XDCB9571','Edgeblab','1991-01-06',100,1.14,'Q','2031-01-06',195.033,208.927,191.774,13.39,1.141,'BBB','USD',3),(682,'WORZE26361','Feednation','2006-04-09',100,4.002,'A','2046-04-09',366.737,367.066,350.621,12.204,4.018,'BB','USD',2),(683,'MGILO2611','Ntag','1998-02-28',100,0.806,'S','2038-02-28',362.166,367.028,346.768,8.678,0.807,'AA','EUR',3),(684,'JBFVZ5465','Dabvine','1979-04-23',100,1.362,'S','2019-04-23',36.751,37.389,35.871,0.617,1.364,'CCB','GBP',2),(685,'VSCI0179','Roodel','1998-09-04',100,1.576,'A','2038-09-04',205.33,205.445,204.808,-1.289,1.578,'BBB','USD',2),(686,'HJCG25564','Realcube','1983-07-19',100,3.966,'Q','2023-07-19',65.948,66.657,65.77,3.407,3.982,'BB','GBP',2),(687,'QXH753','Riffpath','1992-02-20',100,4.816,'A','2032-02-20',401.519,427.148,395.112,-16.406,4.839,'BB','USD',2),(688,'QPYK970672','Wordware','1983-12-26',100,2.356,'Q','2023-12-26',238.798,239.43,238.113,66.256,2.362,'B','GBP',2),(689,'RIVL512791','Podcat','2005-10-13',100,3.213,'Q','2045-10-13',413.236,425.267,410.595,24.052,3.223,'A','USD',3),(690,'IQK38752','Tagpad','1978-09-24',100,4.741,'Q','2018-09-24',76.917,78.243,73.142,-1.221,4.763,'CCB','EUR',3),(691,'AQSZT7766','Dazzlesphere','1987-05-30',100,4.86,'S','2027-05-30',253.245,257.366,245.244,11.839,4.884,'AA','EUR',3),(692,'LBNVW3706','Midel','1980-10-05',100,0.654,'Q','2020-10-05',381.646,396.094,363.258,-83.897,0.654,'BB','EUR',3),(693,'JAK028','Youspan','2004-11-26',100,2.761,'A','2044-11-26',371.358,377.405,365.064,-4.949,2.769,'B','USD',2),(694,'UGP07063','Voomm','1983-02-01',100,2.466,'Q','2023-02-01',278.138,286.825,268.726,-5.352,2.472,'CC','GBP',2),(695,'ZWD853','Ntags','2006-02-06',100,0.38,'Q','2046-02-06',464.078,470.695,450.643,51.709,0.38,'AA','EUR',3),(696,'CXLYP880894','Meevee','2001-01-09',100,2.088,'Q','2041-01-09',175.715,183.305,167.816,6.602,2.092,'CCB','INR',3),(697,'MORV23923','Gabspot','1982-02-19',100,1.373,'S','2022-02-19',454.514,483.81,450.137,-5.929,1.375,'C','GBP',2),(698,'PRI206171','Dabvine','1994-11-06',100,0.397,'Q','2034-11-06',55.183,59.155,54.251,1.172,0.397,'CCB','USD',2),(699,'SRF46359','Vinte','1986-06-25',100,2.054,'Q','2026-06-25',49.787,53.553,48.846,-4.338,2.058,'AA','EUR',3),(700,'UYCB9787','Feedbug','1984-01-30',100,2.998,'S','2024-01-30',437.237,468.232,427.449,-0.654,3.007,'AAA','EUR',3),(701,'AVDGX378498','Pixoboo','2007-11-28',100,3.612,'S','2047-11-28',91.652,92.038,89.065,-0.775,3.625,'BBB','EUR',2),(702,'CPLY464279','Skajo','2002-02-13',100,2.304,'A','2042-02-13',433.493,440.124,415.565,-8.777,2.309,'BB','INR',2),(703,'WHAZL5226','Twitterbeat','1998-11-04',100,1.517,'A','2038-11-04',466.294,480.649,437.15,146.53,1.519,'AA','GBP',3),(704,'ARX770','Tagchat','1986-08-23',100,0.982,'A','2026-08-23',15.733,15.986,15.458,-0.005,0.983,'B','GBP',3),(705,'WLHYG9585','Kimia','2009-08-12',100,3.593,'A','2049-08-12',23.155,23.902,22.518,-0.331,3.606,'AAA','INR',2),(706,'QULCT994','Fivechat','1995-05-09',100,1.118,'A','2035-05-09',481.594,490.687,468.508,-64.838,1.119,'A','EUR',2),(707,'VDK9514','Livepath','1980-02-03',100,0.394,'Q','2020-02-03',259.195,259.916,258.694,-5.386,0.394,'A','INR',3),(708,'VST047','Feedfish','1997-11-23',100,4.785,'S','2037-11-23',349.804,362.732,339.227,-26.384,4.808,'A','GBP',3),(709,'TCHF1431','Skynoodle','1991-04-30',100,3.752,'A','2031-04-30',93.74,95.386,91.055,0.402,3.766,'AA','USD',3),(710,'SOUTV27103','Roodel','1980-10-17',100,1.023,'S','2020-10-17',242.332,248.353,240.431,3.802,1.024,'A','INR',3),(711,'GVHFJ91293','Reallinks','2003-10-07',100,2.567,'S','2043-10-07',325.185,348.134,316.697,-22.398,2.574,'AA','INR',2),(712,'DEL3537','Topicware','1984-11-22',100,3.075,'S','2024-11-22',437.238,449.893,423.529,0.323,3.084,'AAA','EUR',3),(713,'WCQ0425','Demizz','1997-10-01',100,0.614,'Q','2037-10-01',169.279,174.477,162.927,-20.426,0.614,'AA','EUR',3),(714,'CIL690','Realblab','1980-08-18',100,0.288,'A','2020-08-18',80.514,83.272,77.276,-3.906,0.288,'B','EUR',2),(715,'JODFE8805','Fiveclub','1985-09-07',100,4.913,'S','2025-09-07',235.756,236.041,228.913,-49.652,4.937,'A','EUR',2),(716,'TJG626791','Snaptags','1983-08-25',100,0.957,'A','2023-08-25',179.74,181.263,174.339,1.712,0.958,'A','GBP',3),(717,'RYAE345','Skidoo','1980-04-11',100,2.942,'S','2020-04-11',357.054,368.974,348.422,-10.095,2.951,'AAA','USD',2),(718,'FAK304','Bluejam','1991-04-16',100,0.015,'A','2031-04-16',32.046,32.558,30.51,0.977,0.015,'BB','GBP',2),(719,'AKHX44079','Wordware','1984-01-04',100,3.244,'A','2024-01-04',33.448,33.777,30.484,-2.448,3.255,'A','GBP',2),(720,'EJKF914376','Oodoo','2004-01-28',100,0.638,'Q','2044-01-28',399.407,401.551,390.267,4.98,0.638,'CCB','EUR',2),(721,'CEKB7544','Kaymbo','1991-02-09',100,4.091,'Q','2031-02-09',304.33,305.335,302.618,-59.845,4.108,'BBB','GBP',2),(722,'MLXJ75047','Photojam','1987-01-06',100,0.953,'S','2027-01-06',117.036,118.445,114.299,-6.451,0.954,'C','GBP',3),(723,'XKW30117','Realcube','1995-10-10',100,1.613,'A','2035-10-10',102.068,102.142,102.06,-2.118,1.616,'CCC','INR',3),(724,'DMCW496','Fatz','1984-02-29',100,0.962,'A','2024-02-29',452.433,456.507,429.345,-59.929,0.963,'AAA','GBP',3),(725,'HFBY77656','Topicshots','1982-06-05',100,1.218,'S','2022-06-05',140.327,147.227,133.697,-3.403,1.219,'AA','GBP',2),(726,'PADM469625','Blogtag','1988-10-12',100,2.099,'A','2028-10-12',293.651,293.651,281.523,-0.953,2.103,'A','INR',2),(727,'SQTHI086239','Zoonoodle','1985-07-24',100,3.541,'S','2025-07-24',166.751,171.844,155.416,10.517,3.554,'A','USD',2),(728,'OIXLJ09016','Buzzshare','1998-12-01',100,0.399,'A','2038-12-01',128.486,130.606,118.133,3.247,0.399,'AA','USD',3),(729,'YFUK6037','Jayo','1991-12-04',100,3.091,'Q','2031-12-04',361.519,361.645,355.352,47.351,3.101,'CCB','USD',2),(730,'MNUZ922327','Vinte','2004-07-22',100,0.793,'Q','2044-07-22',431.117,433.231,390.948,-1.505,0.794,'A','GBP',3),(731,'NPGH335247','Quinu','1983-01-16',100,3.284,'A','2023-01-16',115.105,116.687,113.758,4.525,3.295,'AA','GBP',3),(732,'TDRP523673','Rhycero','2005-05-17',100,0.946,'A','2045-05-17',315.691,320.951,290.011,15.361,0.947,'AA','INR',3),(733,'CVQDG966224','Topdrive','1997-10-21',100,0.439,'A','2037-10-21',216.48,225.99,208.046,-4.295,0.439,'A','EUR',2),(734,'LBNKE20842','Edgetag','1983-12-09',100,0.103,'Q','2023-12-09',277.37,277.977,277.254,6.555,0.103,'A','INR',2),(735,'ALDZ2191','Avavee','1993-08-12',100,1.162,'S','2033-08-12',103.946,104.965,103.737,-0.545,1.163,'A','EUR',2),(736,'OSZ7966','Buzzshare','2003-05-31',100,3.749,'S','2043-05-31',340.903,341.703,335.04,11.684,3.763,'CCB','GBP',3),(737,'YEJC276600','Oba','1982-04-07',100,0.955,'Q','2022-04-07',166.283,171.172,163.024,1.966,0.956,'CC','EUR',3),(738,'FPXR769009','Zoomzone','2003-02-26',100,3.368,'S','2043-02-26',340.731,340.928,334.348,0.293,3.379,'C','INR',3),(739,'URCX044','Tambee','2010-04-15',100,1.94,'S','2050-04-15',42.094,43.566,39.976,1.036,1.944,'CCC','EUR',2),(740,'QAJV000','Oyoyo','1999-03-29',100,4.421,'Q','2039-03-29',472.719,494.967,462.25,12.546,4.441,'C','USD',2),(741,'JHYDZ13603','Oyoyo','1979-08-02',100,0.708,'Q','2019-08-02',106.573,107.096,100.563,5.801,0.709,'CC','GBP',3),(742,'ALY41574','Skipstorm','1991-06-27',100,0.55,'A','2031-06-27',395.352,416.384,392.484,1.818,0.55,'BBB','USD',3),(743,'XMPY03269','Flipstorm','2004-11-27',100,2.393,'Q','2044-11-27',102.014,107.461,101.54,4.065,2.399,'CC','EUR',2),(744,'TMSZ948','Thoughtstorm','1988-06-19',100,0.407,'S','2028-06-19',337.397,337.818,335.014,-4.8,0.407,'BB','GBP',2),(745,'NCEOU275','Bubbletube','1988-12-02',100,1.812,'A','2028-12-02',419.744,450.704,408.293,3.127,1.815,'BB','INR',2),(746,'CFVLT05734','Quimm','1980-09-10',100,3.571,'A','2020-09-10',183.123,188.277,179.39,13.365,3.584,'AAA','GBP',2),(747,'KZB7743','Devpulse','1994-08-03',100,1.745,'Q','2034-08-03',230.757,236.39,228.778,3.093,1.748,'BBB','INR',3),(748,'HGU2593','Flashspan','2009-10-21',100,1.742,'A','2049-10-21',115.078,116.137,114.139,-8.998,1.745,'B','USD',3),(749,'ZAT67960','Babbleblab','1983-09-01',100,4.288,'S','2023-09-01',365.187,373.326,354.398,70.329,4.306,'AA','INR',3),(750,'KTWJ041535','Meetz','2007-04-17',100,3.816,'Q','2047-04-17',301.743,324.603,294.123,0.063,3.831,'C','GBP',2),(751,'YROTK83753','Eayo','1982-04-17',100,1.27,'Q','2022-04-17',299.123,317.716,291.155,-0.144,1.272,'A','INR',3),(752,'BGXEJ197','Fanoodle','2006-05-28',100,2.443,'S','2046-05-28',171.963,173.919,171.345,2.945,2.449,'AA','EUR',3),(753,'FSQOE340','Browsedrive','2007-10-07',100,1.988,'A','2047-10-07',153.107,158.666,143.64,32.48,1.992,'CC','USD',3),(754,'KQZ6016','Kwimbee','1996-03-13',100,3.017,'A','2036-03-13',72.571,76.987,71.251,-2.42,3.026,'A','EUR',3),(755,'RGDYO1856','Ainyx','1998-03-27',100,1.918,'Q','2038-03-27',39.428,39.665,39.007,-2.622,1.922,'AA','USD',2),(756,'DLMGA5948','Jabbersphere','1985-10-22',100,0.899,'A','2025-10-22',398.514,440.647,396.759,-6.151,0.9,'BB','GBP',3),(757,'NTG089390','Thoughtblab','1982-01-18',100,2.282,'S','2022-01-18',241.401,247.215,229.045,-17.934,2.287,'CCB','INR',3),(758,'SVLAZ018947','Skippad','2006-04-10',100,3.265,'A','2046-04-10',205.934,210.095,195.746,7.152,3.276,'C','GBP',3),(759,'QGJND64379','Centimia','1988-04-12',100,3.028,'A','2028-04-12',457.829,469.611,427.534,-46.32,3.037,'CCC','EUR',2),(760,'GIVB475671','Thoughtbeat','1987-07-25',100,0.915,'A','2027-07-25',185.655,189.352,173.276,4.045,0.916,'A','INR',2),(761,'WDV4953','Photobug','1983-05-27',100,2.58,'A','2023-05-27',242.085,250.849,232.963,-9.507,2.587,'BB','EUR',3),(762,'GXUJC3963','Pixope','1987-04-21',100,0.508,'Q','2027-04-21',72.969,72.969,66.533,3.399,0.508,'CCB','INR',2),(763,'LKTC099','Edgetag','2004-01-14',100,3.15,'Q','2044-01-14',62.896,63.176,61.022,1.279,3.16,'B','USD',2),(764,'YZM1817','Eabox','1994-08-08',100,4.507,'A','2034-08-08',77.473,82.142,74.092,3.361,4.527,'BBB','USD',2),(765,'YEB40787','Jabbersphere','1982-02-11',100,4.681,'S','2022-02-11',455.699,477.828,438.312,17.306,4.703,'AA','USD',3),(766,'BNUD753','Voonte','2007-08-11',100,1.702,'S','2047-08-11',330.453,335.977,316.927,-53.338,1.705,'BB','INR',3),(767,'HRIVD5064','Gabtype','1992-06-10',100,4.013,'S','2032-06-10',76.349,76.77,72.555,1.447,4.029,'AAA','EUR',3),(768,'UGL84063','Teklist','2005-11-23',100,0.428,'A','2045-11-23',170.322,173.774,167.136,-3.749,0.428,'AAA','INR',2),(769,'DEM139','Thoughtbridge','2003-03-23',100,2.735,'Q','2043-03-23',404.635,421.94,394.472,-20.049,2.742,'A','EUR',3),(770,'ZRPB8449','Oodoo','2007-05-20',100,4.422,'S','2047-05-20',212.43,213.903,205.24,-17.226,4.442,'A','EUR',3),(771,'EYTR492','Babbleopia','1996-08-14',100,2.056,'A','2036-08-14',121.804,127.419,117.022,0.878,2.06,'CCB','USD',2),(772,'RCUS440','Voonte','2003-08-31',100,2.443,'A','2043-08-31',336.885,354.738,329.942,-28.823,2.449,'CC','USD',3),(773,'MLDZW5295','Dabvine','1995-02-07',100,0.908,'A','2035-02-07',70.602,71.388,69.075,-0.147,0.909,'B','USD',3),(774,'VPGZR125934','Jaxbean','1998-08-07',100,0.452,'S','2038-08-07',264.629,276.47,262.702,3.927,0.452,'AA','EUR',3),(775,'UFWQP279302','Yakitri','1991-01-26',100,4.728,'S','2031-01-26',146.772,147.895,144.686,-14.569,4.75,'BB','EUR',2),(776,'EYNIS079398','Bluezoom','2001-07-26',100,2.232,'S','2041-07-26',154.869,160.652,154.869,0.277,2.237,'BBB','INR',3),(777,'EGOPZ94842','Quaxo','2006-08-01',100,3.286,'A','2046-08-01',429.753,430.54,428,-69.935,3.297,'CCB','INR',2),(778,'JTD551','Blognation','1990-01-30',100,2.384,'A','2030-01-30',259.01,265.927,241.222,1.04,2.39,'AA','EUR',2),(779,'WYJ909905','Oyoyo','2006-02-05',100,3.829,'S','2046-02-05',385.346,420.362,379.167,-3.145,3.844,'BB','GBP',3),(780,'VRSC034','Yozio','1992-12-23',100,3.226,'A','2032-12-23',49.877,51.516,49.239,-14.123,3.236,'AAA','INR',3),(781,'TSWAU3853','Zoomdog','1987-05-03',100,4.705,'A','2027-05-03',166.266,166.498,165.932,10.707,4.727,'AA','INR',2),(782,'JQT20156','Buzzbean','1987-08-07',100,4.594,'A','2027-08-07',355.508,356.512,345.353,0.767,4.615,'BB','USD',3),(783,'LQKUD967900','Shufflester','1992-05-31',100,4.83,'Q','2032-05-31',30.286,31.194,29.544,-0.862,4.853,'A','EUR',2),(784,'GRLU487','Skiptube','2001-12-09',100,3.848,'A','2041-12-09',59.964,62.276,59.019,-0.626,3.863,'BB','GBP',3),(785,'PERBT105','Jabberbean','2001-04-01',100,1.239,'Q','2041-04-01',224.27,247.429,223.305,23.678,1.241,'AA','GBP',3),(786,'VHU9936','Meevee','1995-06-25',100,1.177,'Q','2035-06-25',341.552,343.973,336.853,23.882,1.178,'BB','INR',2),(787,'XOAG63724','Flipopia','2007-06-07',100,2.12,'S','2047-06-07',368.526,369.703,362.346,-1.507,2.124,'A','INR',3),(788,'SLXAG4456','Edgeify','1992-04-25',100,2.489,'A','2032-04-25',422.316,435.729,392.461,44.916,2.495,'BBB','USD',2),(789,'LSEV5745','Meejo','2004-01-13',100,4.594,'A','2044-01-13',374.456,376.094,366.993,-21.077,4.615,'A','INR',2),(790,'OVZA82121','Twitternation','1996-02-03',100,4.195,'Q','2036-02-03',421.043,425.733,398.146,17.415,4.213,'AAA','USD',3),(791,'NGZWH638','Voolia','2009-01-16',100,2.002,'S','2049-01-16',238.784,249.242,235.11,1.389,2.006,'A','USD',3),(792,'ZYQH5606','Leexo','2003-04-30',100,4.299,'S','2043-04-30',422.137,424.954,416.667,-27.499,4.317,'B','INR',3),(793,'PWHJ0125','Lajo','1997-12-29',100,2.636,'S','2037-12-29',273.318,273.396,273.041,27.47,2.643,'AAA','GBP',3),(794,'PMYWG00637','Buzzshare','1987-10-12',100,2.528,'A','2027-10-12',199.185,200.47,191.288,-5.043,2.534,'B','EUR',3),(795,'PULS53241','Eadel','1995-12-03',100,3.57,'Q','2035-12-03',121.123,125.155,120.674,-24.836,3.583,'AA','INR',2),(796,'DEX628050','Bubblemix','1999-03-02',100,4.374,'Q','2039-03-02',124.958,125.657,118.67,-2.011,4.393,'B','USD',2),(797,'HDS605','Twitterbridge','1991-11-30',100,2.776,'A','2031-11-30',196.82,200.68,186.893,8.203,2.784,'AAA','INR',3),(798,'AMNQY22301','Trupe','1995-11-26',100,1.541,'S','2035-11-26',447.881,466.988,427.995,-5.549,1.543,'A','INR',2),(799,'XWSYE115051','Livefish','1978-12-11',100,3.576,'A','2018-12-11',335.441,337.639,334.094,-0.138,3.589,'AA','USD',3),(800,'EPI25493','Brightbean','1986-02-18',100,3.89,'A','2026-02-18',339.762,352.406,334.081,-4.429,3.905,'AAA','INR',2),(801,'DEUA053454','Youfeed','1990-10-15',100,1.061,'A','2030-10-15',280.473,284.956,273.159,-0.178,1.062,'BBB','INR',2),(802,'ZGVSR324','Tavu','2001-02-02',100,0.877,'A','2041-02-02',467.609,474.383,454.459,216.909,0.878,'BB','USD',2),(803,'BPCIF207053','Kaymbo','2006-12-15',100,4.529,'Q','2046-12-15',289.2,293.541,288.433,11.931,4.55,'BB','GBP',3),(804,'XEV245333','Eire','2005-04-01',100,1.345,'S','2045-04-01',79.727,80.64,79.277,-1.746,1.347,'A','EUR',3),(805,'ODPYR9653','Shufflester','2005-07-27',100,3.322,'A','2045-07-27',322.86,348.487,317.611,-15.684,3.333,'A','INR',3),(806,'MQUE134','Skinte','2009-08-10',100,2.652,'A','2049-08-10',79.138,81.427,77.266,-2.097,2.659,'A','INR',2),(807,'AZMB091','Teklist','2002-08-01',100,0.835,'A','2042-08-01',233.072,233.402,225.163,0.839,0.836,'AA','INR',3),(808,'IEXKN900849','Topiczoom','1988-03-21',100,2.163,'Q','2028-03-21',48.045,49.492,47.789,-2.573,2.168,'AA','EUR',3),(809,'HPNJT1066','Feedfish','2003-12-23',100,3.459,'S','2043-12-23',16.125,17.06,15.359,-0.654,3.471,'B','USD',3),(810,'KGA1592','Flashpoint','1986-02-17',100,1.3,'A','2026-02-17',163.601,163.788,161.921,7.39,1.302,'AA','INR',2),(811,'FTR419463','Quaxo','1997-08-28',100,1.604,'Q','2037-08-28',438.513,438.617,438.31,35.836,1.607,'A','INR',3),(812,'UOV954037','Voolia','1987-07-13',100,1.651,'A','2027-07-13',347.564,358.63,325.098,0.617,1.654,'A','GBP',3),(813,'CNA270','Agivu','1987-01-23',100,4.902,'Q','2027-01-23',95.674,99.732,95.633,-1.532,4.926,'B','INR',2),(814,'VTOR9289','Skivee','2008-09-01',100,2.27,'A','2048-09-01',396.333,409.65,384.989,11.332,2.275,'BBB','USD',2),(815,'KONRW2101','Bubbletube','1992-09-04',100,2.892,'Q','2032-09-04',50.924,51.049,47.93,-27.397,2.9,'CCB','EUR',2),(816,'NLW914519','Oyope','1986-02-07',100,2.759,'S','2026-02-07',31.836,31.874,30.602,1.672,2.767,'B','GBP',2),(817,'BIR274','Zooveo','2009-12-05',100,0.534,'Q','2049-12-05',490.731,494.559,488.179,-19.564,0.534,'BBB','INR',2),(818,'UEPSH416','Meemm','2003-05-05',100,3.634,'Q','2043-05-05',133.058,139.227,127.588,0.789,3.647,'CCB','USD',2),(819,'NKTF843533','Mycat','1985-05-18',100,3.89,'S','2025-05-18',54.532,58.097,52.613,-2.627,3.905,'AA','GBP',2),(820,'AQC18451','Linkbridge','2007-04-05',100,3.871,'Q','2047-04-05',389.25,392.274,382.193,30.438,3.886,'A','INR',3),(821,'XJS08559','Vimbo','2007-05-17',100,0.924,'A','2047-05-17',118.39,120.957,113.179,0.473,0.925,'CCB','USD',3),(822,'CNAH16937','Midel','1996-06-22',100,1.506,'Q','2036-06-22',465.311,468.642,463.815,-184.714,1.508,'A','INR',2),(823,'TSJI114','Voolia','2001-10-16',100,1.2,'S','2041-10-16',333.018,339.343,307.716,-24.687,1.201,'AAA','INR',3),(824,'KCL517925','Quatz','2006-07-22',100,1.127,'S','2046-07-22',219.999,221.696,213.981,-1.624,1.128,'A','GBP',2),(825,'YLTJ5183','Quimba','1991-03-26',100,1.599,'A','2031-03-26',152.239,156.455,152.152,3.935,1.602,'AAA','INR',3),(826,'VET52983','Flashset','2002-10-12',100,0.983,'A','2042-10-12',381.212,384.333,353.125,9.482,0.984,'BBB','INR',3),(827,'GHS46928','Quimba','2003-08-24',100,0.413,'Q','2043-08-24',177.327,189.838,174.765,5.684,0.413,'A','EUR',3),(828,'QPR200161','Realblab','1983-08-08',100,2.435,'S','2023-08-08',188.189,188.326,174.616,7.714,2.441,'A','GBP',3),(829,'PWG68040','Bubbletube','1988-10-17',100,4.821,'S','2028-10-17',438.651,445.831,437.672,-22.407,4.844,'BBB','GBP',3),(830,'TGU484385','Skimia','2005-03-08',100,2.56,'A','2045-03-08',45.421,46.638,44.297,-0.53,2.567,'CCB','GBP',3),(831,'IRFHN1027','Dablist','1993-07-28',100,3.736,'S','2033-07-28',282.442,284.613,277.128,10.806,3.75,'B','EUR',3),(832,'LFUP769','Eabox','1996-03-30',100,1.934,'A','2036-03-30',116.718,120.388,109.902,-23.705,1.938,'A','EUR',2),(833,'IBS36170','Layo','2002-09-19',100,3.333,'A','2042-09-19',444.241,467.852,437.582,6.764,3.344,'AA','INR',2),(834,'IVJT5643','Browseblab','1998-04-28',100,2.209,'A','2038-04-28',40.702,40.964,40.653,-0.008,2.214,'AA','EUR',3),(835,'UDG07798','Jatri','1979-10-06',100,1.483,'Q','2019-10-06',27.064,28.748,26.376,2.121,1.485,'B','INR',3),(836,'OYB788','Jabbercube','1994-09-13',100,4.214,'S','2034-09-13',187.313,195.606,186.784,25.864,4.232,'AA','INR',2),(837,'LKUF404','Tagpad','2004-06-08',100,4.476,'S','2044-06-08',131.944,135.538,124.966,0.438,4.496,'BBB','GBP',3),(838,'ABUR506','Realcube','1980-03-01',100,3.345,'Q','2020-03-01',456.35,458.911,430.459,78.758,3.356,'BBB','INR',2),(839,'QVDSZ2891','Tambee','1986-10-18',100,4.979,'A','2026-10-18',197.447,205.82,187.214,29.991,5.004,'BB','EUR',2),(840,'XCI706','Shufflester','1985-07-04',100,4.678,'S','2025-07-04',37.974,38.404,37.329,-3.979,4.7,'CCB','INR',2),(841,'JYCGQ11069','Topicblab','2007-09-04',100,2.878,'A','2047-09-04',439.742,440.043,439.515,-0.19,2.886,'A','GBP',3),(842,'ZLMFW078076','Trudeo','2006-02-21',100,4.553,'Q','2046-02-21',268.383,271.136,248.198,20.231,4.574,'AAA','EUR',2),(843,'FLBZV774344','Avaveo','1991-07-26',100,1.93,'A','2031-07-26',364.829,384.146,346.269,-21.259,1.934,'C','EUR',2),(844,'WMU356354','Tagfeed','1996-01-11',100,0.674,'Q','2036-01-11',67.27,67.969,62.973,-2.172,0.674,'AA','INR',3),(845,'FTLKH327026','Thoughtsphere','1982-05-15',100,4.982,'S','2022-05-15',300.918,301.075,300.684,11.886,5.007,'CCB','EUR',3),(846,'XZW794429','Trilia','2010-02-09',100,4.906,'A','2050-02-09',307.009,307.75,302.457,-46.489,4.93,'BB','GBP',2),(847,'ONUX111625','Quinu','1998-09-18',100,4.685,'A','2038-09-18',443.811,447.451,443.737,29.757,4.707,'A','INR',2),(848,'XWVH2065','Blogpad','2003-01-08',100,2.383,'A','2043-01-08',180.404,184.842,177.19,-3.348,2.389,'AA','USD',2),(849,'SRV82667','Dynabox','1990-11-13',100,4.865,'A','2030-11-13',182.53,186.697,173.255,2.512,4.889,'CCB','EUR',2),(850,'DGX73343','Mydeo','2010-08-11',100,0.701,'A','2050-08-11',17.025,17.475,16.823,0.864,0.701,'AAA','GBP',3),(851,'YVBO870231','Zava','1982-09-15',100,3.917,'S','2022-09-15',427.179,436.844,423.957,-1.5,3.932,'BB','INR',2),(852,'ZNM20156','Dabfeed','1988-11-03',100,2.23,'S','2028-11-03',100.849,104.022,97.677,2.678,2.235,'AA','GBP',2),(853,'SQCDN02880','Feedmix','1993-12-01',100,1.702,'Q','2033-12-01',379.189,386.551,375.225,2.575,1.705,'A','USD',3),(854,'YJO9125','Oloo','2007-11-12',100,1.422,'Q','2047-11-12',178.958,180.331,163.163,4.931,1.424,'B','EUR',2),(855,'HCGJK149629','Dynabox','1980-10-11',100,0.712,'S','2020-10-11',289.718,293.065,280.668,13.346,0.713,'BBB','INR',3),(856,'KXQNZ96961','Yambee','2004-09-03',100,2.501,'S','2044-09-03',186.456,186.456,185.43,-0.129,2.507,'C','EUR',3),(857,'LZFRE040','Thoughtstorm','2008-05-25',100,2.76,'Q','2048-05-25',55.552,56.431,54.772,0.044,2.768,'A','GBP',2),(858,'LTXN24282','Eire','1987-11-07',100,0.693,'S','2027-11-07',64.561,66.619,63.501,-1.914,0.693,'CCB','EUR',2),(859,'PLM644809','Youspan','1994-12-19',100,4.345,'A','2034-12-19',35.989,36.067,34.761,0.305,4.364,'BB','INR',2),(860,'UENX662','Vinder','2000-02-21',100,3.925,'S','2040-02-21',279.89,285.794,277.706,12.855,3.94,'CC','EUR',2),(861,'FPQ8140','Thoughtmix','2003-01-10',100,2.864,'A','2043-01-10',486.526,492.046,449.582,-13.854,2.872,'BB','USD',2),(862,'PSNO4637','Voolith','2006-12-10',100,2.415,'Q','2046-12-10',20.582,20.673,18.848,2.243,2.421,'A','GBP',3),(863,'ILSAK937','Avavee','1994-05-02',100,3.422,'S','2034-05-02',284.035,303.669,276.4,45.516,3.434,'B','EUR',2),(864,'ODL686','Feedfire','1985-12-22',100,3.883,'A','2025-12-22',388.941,392.901,379.7,-0.658,3.898,'AA','GBP',2),(865,'GTHI860','Buzzshare','1989-07-15',100,0.69,'Q','2029-07-15',287.403,287.891,284.839,8.514,0.69,'CC','USD',2),(866,'VHDMX361740','Shufflester','1981-03-08',100,1.049,'A','2021-03-08',236.197,255.236,232.571,-44.644,1.05,'CCB','GBP',2),(867,'TSR434','Abatz','1998-02-14',100,4.18,'A','2038-02-14',109.194,109.703,108.869,10.876,4.197,'AA','GBP',2),(868,'SDLBY241132','Kimia','2003-05-20',100,2.143,'S','2043-05-20',406.275,415.963,387.47,-22.123,2.148,'BBB','GBP',3),(869,'QVC828','Jabbercube','1987-05-12',100,2.141,'A','2027-05-12',450.708,456.633,417.134,-19.554,2.146,'CCC','INR',2),(870,'JNEBG9348','Realpoint','1990-05-27',100,1.552,'A','2030-05-27',110.168,111.982,107.447,23.267,1.554,'AA','INR',3),(871,'JKOT234','Ntags','2000-11-24',100,1.866,'A','2040-11-24',426.878,449.565,422.231,44.204,1.869,'C','GBP',3),(872,'WBY08007','Livefish','1998-10-08',100,1.193,'S','2038-10-08',147.374,155.441,147.374,-6.665,1.194,'CCC','INR',3),(873,'VBUM442','Oozz','2009-11-04',100,4.512,'A','2049-11-04',63.227,66.471,63.227,-2.709,4.532,'B','USD',2),(874,'XES057283','Feedfish','1999-02-10',100,3.507,'Q','2039-02-10',212.477,213.139,202.098,21.419,3.519,'A','GBP',3),(875,'ETD2212','Yabox','2000-12-12',100,4.324,'Q','2040-12-12',164.74,175.432,158.187,-2.068,4.343,'AA','EUR',2),(876,'CEFAL646225','Flipbug','1997-11-20',100,1.974,'Q','2037-11-20',408.736,436.035,406.036,-12.176,1.978,'BB','GBP',3),(877,'QPGM6127','Vinder','2004-12-01',100,3.708,'S','2044-12-01',430.884,443.963,400.366,-40.735,3.722,'BB','EUR',3),(878,'EQNHA60339','Tagopia','1983-01-28',100,2.13,'S','2023-01-28',355.59,378.853,351.159,25.16,2.135,'AAA','INR',2),(879,'OGH6424','Rhycero','1985-01-25',100,0.393,'Q','2025-01-25',27.653,28.277,27.053,2.327,0.393,'AAA','INR',2),(880,'MNXG8440','Centizu','2008-09-13',100,3.399,'A','2048-09-13',195.276,195.393,183.708,-17.681,3.411,'BB','EUR',3),(881,'DKBZP108','Aibox','1997-10-17',100,1.844,'Q','2037-10-17',236.87,245.498,236.12,-0.05,1.847,'BB','GBP',3),(882,'SEQ2751','Wordify','1993-02-15',100,1.477,'Q','2033-02-15',217.019,217.937,216.76,12.255,1.479,'B','USD',2),(883,'OMH390846','Dynabox','2005-12-29',100,3.485,'S','2045-12-29',389.803,394.958,378.33,36.324,3.497,'AAA','USD',2),(884,'AFH46747','Jabbercube','1979-05-21',100,2.479,'S','2019-05-21',434.04,445.999,407.42,15.916,2.485,'AA','GBP',2),(885,'AGUFE6430','Mybuzz','1979-04-17',100,1.45,'A','2019-04-17',146.393,148.105,143.069,0.796,1.452,'BBB','EUR',3),(886,'ECYT298','Aivee','1994-01-07',100,1.732,'A','2034-01-07',409.883,433.049,397.409,6.131,1.735,'C','USD',2),(887,'EPVO05782','Skyndu','2007-04-06',100,1.617,'A','2047-04-06',168.673,170.369,159.772,-8.661,1.62,'AA','USD',2),(888,'SGL316','Skilith','2008-03-19',100,2.784,'A','2048-03-19',350.525,356.023,350.469,-35.81,2.792,'A','GBP',3),(889,'TABM77727','Gabtype','2000-04-25',100,0.659,'A','2040-04-25',334.242,348.133,333.511,6.377,0.659,'A','INR',2),(890,'ZYME932','Yombu','1997-06-08',100,3.086,'Q','2037-06-08',294.218,295.644,267.114,20.64,3.096,'A','USD',3),(891,'QEJMG763','Dabvine','2007-09-20',100,4.444,'S','2047-09-20',467.165,485.054,440.332,32.866,4.464,'BB','GBP',2),(892,'ZBS1093','Livefish','1985-04-08',100,0.325,'A','2025-04-08',29.713,29.73,29.632,-0.658,0.325,'CCC','INR',2),(893,'CNDL787','Ooba','1999-12-02',100,2.958,'A','2039-12-02',172.62,183.326,166.332,3.811,2.967,'BB','GBP',3),(894,'HGF087','Vimbo','1992-06-11',100,2.234,'S','2032-06-11',184.975,190.78,181.565,-17.09,2.239,'BB','GBP',2),(895,'AFTXO319246','Quire','2005-08-13',100,2.708,'S','2045-08-13',125.484,128.352,123.321,-3.165,2.715,'BBB','USD',3),(896,'TWZ66748','Mydeo','2007-08-20',100,4.014,'S','2047-08-20',428.512,435.055,410.822,2.61,4.03,'CC','EUR',3),(897,'IABSO4949','Trupe','1981-04-30',100,2.754,'S','2021-04-30',245.164,255.619,234.709,-0.2,2.762,'A','USD',3),(898,'VTGAM571','Oyope','1985-10-09',100,2.077,'Q','2025-10-09',195.325,195.483,194.603,-12.504,2.081,'A','GBP',3),(899,'GXWU7551','Jabberbean','2010-06-13',100,1.879,'A','2050-06-13',272.645,283.009,256.434,-70.145,1.883,'B','USD',2),(900,'EGCBQ548','Edgetag','1990-02-15',100,2.466,'Q','2030-02-15',181.151,182.925,175.828,1.991,2.472,'AAA','INR',2),(901,'JVGKY312','Oyondu','1994-02-25',100,1.005,'Q','2034-02-25',227.684,239.933,224.025,0.105,1.006,'B','EUR',3),(902,'PIL95662','Flipbug','1999-03-26',100,2.815,'S','2039-03-26',360.084,388.423,358.903,-2.555,2.823,'AA','INR',2),(903,'SPV77250','Kimia','2007-03-21',100,4.233,'Q','2047-03-21',394.581,407.386,377.606,21.2,4.251,'AAA','USD',3),(904,'DOV110','Aimbo','1991-02-06',100,4.523,'Q','2031-02-06',300.92,305.252,278.176,32.322,4.543,'B','USD',2),(905,'ZPIU29652','Realbridge','1979-05-09',100,0.075,'S','2019-05-09',367.9,368.159,367.864,-10.682,0.075,'AA','USD',3),(906,'RDKZ717625','Talane','2005-11-23',100,2.968,'A','2045-11-23',56.184,56.707,53.22,-2.013,2.977,'CCB','EUR',3),(907,'CDXFZ9805','Chatterpoint','2005-12-27',100,3.663,'S','2045-12-27',166.484,169.21,160.123,-1.367,3.676,'A','GBP',2),(908,'AFNXK71944','Fivespan','1996-01-03',100,1.344,'A','2036-01-03',177.402,177.536,164.097,49.636,1.346,'AA','INR',2),(909,'NPH1462','Aimbo','1985-05-17',100,3.608,'A','2025-05-17',341.53,341.581,341.41,0.587,3.621,'AA','GBP',3),(910,'XVOPD414','Blogtags','2002-04-09',100,3.039,'Q','2042-04-09',190.673,192.135,189.656,-23.462,3.048,'CCC','USD',3),(911,'PXB322921','Blogpad','2008-01-03',100,2.469,'S','2048-01-03',411.905,438.122,397.158,6.09,2.475,'A','GBP',3),(912,'DIG44707','Babbleblab','2002-06-19',100,1.47,'A','2042-06-19',369.072,381.403,361.189,-0.921,1.472,'B','INR',3),(913,'CBL737299','Realblab','1981-02-25',100,2.996,'Q','2021-02-25',294.615,298.322,288.567,4.285,3.005,'A','USD',3),(914,'HTB56184','Dabjam','1998-12-16',100,0.386,'Q','2038-12-16',120.564,131.937,119.575,-28.514,0.386,'AA','USD',2),(915,'YIA175','Ntag','2009-04-25',100,0.824,'Q','2049-04-25',388.149,389.733,379.171,21.68,0.825,'AA','EUR',2),(916,'FEQ212711','Oozz','2002-09-16',100,0.5,'S','2042-09-16',411.046,431.23,408.03,-12.79,0.5,'BB','INR',3),(917,'GFY4611','Browsedrive','2002-07-16',100,2.351,'A','2042-07-16',388.194,409.418,374.044,-48.66,2.357,'AA','INR',3),(918,'WAYHU441','Latz','1980-06-26',100,2.11,'Q','2020-06-26',143.311,145.916,140.809,-0.088,2.114,'AAA','INR',2),(919,'MVXHE643893','Myworks','1993-12-04',100,0.554,'A','2033-12-04',315.174,319.479,311.652,28.986,0.554,'AA','GBP',2),(920,'ADJQL2516','Shufflester','1996-05-21',100,4.313,'S','2036-05-21',225.039,226.384,203.972,3.255,4.332,'CC','EUR',3),(921,'GWEXZ7812','Skidoo','1985-01-04',100,3.674,'Q','2025-01-04',237.01,247.344,236.906,-13.854,3.687,'A','USD',3),(922,'DBQLY93874','Topiczoom','1991-04-30',100,1.59,'S','2031-04-30',382.607,387.287,362.656,11.814,1.593,'A','USD',2),(923,'VPHA360050','Geba','2007-01-23',100,0.24,'S','2047-01-23',160.622,171.21,156.298,4.697,0.24,'BB','USD',2),(924,'WSDYC22295','Quimba','1999-04-25',100,2.605,'A','2039-04-25',162.174,166.853,161.147,-8.964,2.612,'BB','USD',2),(925,'QVBKI7833','Latz','1988-12-19',100,0.749,'S','2028-12-19',41.115,42.734,40.516,-0.114,0.75,'B','EUR',2),(926,'RSL09100','Demimbu','1991-04-18',100,3.285,'A','2031-04-18',149.228,161.146,147.287,-1.639,3.296,'AAA','INR',3),(927,'GNA480787','Flashspan','2010-01-18',100,4.828,'S','2050-01-18',67.928,69.122,66.468,0.417,4.851,'A','USD',3),(928,'CVZ443532','Buzzshare','2010-07-12',100,2.875,'A','2050-07-12',438.393,455.254,436.725,-33.232,2.883,'BBB','INR',3),(929,'DCM03613','Realpoint','2001-02-21',100,1.066,'Q','2041-02-21',483.776,499.316,474.65,-9.03,1.067,'AA','USD',2),(930,'QGTL8545','Quamba','1981-11-01',100,3.683,'Q','2021-11-01',140.25,147.817,133.804,-7.274,3.697,'CCB','EUR',2),(931,'QPS786064','DabZ','1984-05-16',100,2.211,'S','2024-05-16',156.684,163.153,150.215,-6.565,2.216,'A','USD',2),(932,'KVCM19443','Npath','1989-10-19',100,4.319,'A','2029-10-19',383.043,384.42,369.12,-9.527,4.338,'AA','GBP',3),(933,'JNBG973497','Meevee','2003-08-08',100,3.465,'Q','2043-08-08',57.972,60.288,57.563,0.228,3.477,'AA','USD',3),(934,'JQW28905','Jaloo','2010-08-19',100,1.248,'Q','2050-08-19',332.284,336.876,328.959,-1.349,1.25,'B','EUR',3),(935,'RWFKM6889','Dabvine','2002-06-26',100,4.809,'Q','2042-06-26',310.159,327.592,303.711,-11.004,4.832,'C','INR',2),(936,'DMFST036583','Wikido','1987-11-15',100,3.367,'Q','2027-11-15',464.613,490.371,451.926,194.82,3.378,'BB','GBP',3),(937,'GKSEY85839','Tagchat','2006-01-05',100,1.617,'S','2046-01-05',421.388,423.067,416.848,18.575,1.62,'BBB','INR',2),(938,'UNYG471','Oozz','1991-07-13',100,3.535,'A','2031-07-13',285.453,295.526,282.612,9.826,3.547,'AA','GBP',3),(939,'VXW284175','Eayo','2009-01-31',100,3.752,'Q','2049-01-31',134.176,140.534,130.753,-3.603,3.766,'BB','INR',2),(940,'DCKL0676','Trilith','1981-10-16',100,1.585,'A','2021-10-16',465.781,483.955,445.287,8.112,1.588,'AA','INR',3),(941,'IRA864359','Babbleblab','1998-10-19',100,1.352,'S','2038-10-19',303.937,322.214,301.206,5.098,1.354,'A','USD',2),(942,'DNRM293407','Oloo','1979-10-06',100,4.429,'Q','2019-10-06',273.114,284.414,258.731,1.593,4.449,'CC','USD',2),(943,'JOYP6251','Minyx','1984-09-19',100,0.503,'A','2024-09-19',166.848,171.708,165.853,-0.665,0.503,'AA','USD',2),(944,'RNLYM997','Wordtune','2005-02-28',100,3.794,'S','2045-02-28',61.812,64.087,60.883,-1.069,3.808,'AAA','GBP',2),(945,'RXJ539440','Yoveo','2009-06-27',100,0.912,'S','2049-06-27',402.616,416.768,394.304,16.828,0.913,'A','INR',2),(946,'LBKA067596','Brightbean','1997-12-26',100,2.521,'Q','2037-12-26',152.753,161.042,147.885,11.051,2.527,'AA','EUR',3),(947,'OJG484074','Wikizz','1995-11-24',100,4.902,'Q','2035-11-24',176.543,178.055,166.428,-5.492,4.926,'BB','EUR',2),(948,'HBJ06793','Bubbletube','2007-08-01',100,4.382,'Q','2047-08-01',75.621,78.55,72.572,0.454,4.401,'AAA','GBP',3),(949,'ECBI461','Blogtag','1994-09-27',100,4.654,'S','2034-09-27',257.134,265.402,248.177,-21.369,4.676,'C','INR',2),(950,'YUFR71280','Gabspot','1995-10-04',100,1.516,'A','2035-10-04',496.435,496.631,477.064,-33.137,1.518,'AAA','USD',2),(951,'LHQ0162','Roombo','2002-04-22',100,3.914,'A','2042-04-22',87.178,87.285,84.614,-0.39,3.929,'BB','EUR',3),(952,'HKWLB197','Zoomlounge','1994-11-22',100,3.648,'Q','2034-11-22',229.263,239.168,223.192,1.281,3.661,'AA','USD',3),(953,'ALIW95461','Vinder','1999-08-25',100,0.239,'Q','2039-08-25',402.999,420.013,387.294,-40.753,0.239,'CC','GBP',3),(954,'XIUT9280','Ooba','1983-12-06',100,3.95,'S','2023-12-06',45.978,49.487,44.989,-0.7,3.966,'BB','EUR',2),(955,'CFIA770317','Twitterbridge','1988-03-12',100,4.949,'A','2028-03-12',416.08,445.173,410.539,58.217,4.973,'AA','INR',2),(956,'IDVAN985623','Abata','1986-05-23',100,3.738,'A','2026-05-23',209.977,218.992,204.451,-25.099,3.752,'CCB','INR',3),(957,'GUVAN93463','Twitterbridge','1994-05-05',100,4.846,'A','2034-05-05',317.075,327.126,308.513,0.781,4.869,'AA','GBP',2),(958,'NZX731909','Devpoint','1988-11-18',100,4.512,'S','2028-11-18',195.643,197.907,193.553,-2.025,4.532,'CCC','INR',2),(959,'WPOH602350','Topdrive','1979-10-07',100,2.325,'S','2019-10-07',327.19,327.81,326.4,0,2.33,'A','INR',2),(960,'VFO229590','Blognation','2000-06-20',100,0.581,'Q','2040-06-20',169.754,171.148,162.95,-0.858,0.581,'B','GBP',3),(961,'SUODY6541','Vinder','1994-08-30',100,0.278,'Q','2034-08-30',344.936,351.747,337.255,-0.19,0.278,'B','USD',2),(962,'LABEZ119521','Tagpad','1981-09-13',100,0.643,'A','2021-09-13',267.278,279.99,252.355,-2.719,0.643,'C','INR',2),(963,'EDUT28786','Tagtune','1993-03-03',100,0.455,'S','2033-03-03',297.423,302.623,295.3,3.707,0.455,'AAA','GBP',3),(964,'QJKVE651','Wikivu','1984-09-10',100,3.39,'S','2024-09-10',244.265,246.486,242.296,10.426,3.401,'AA','GBP',2),(965,'XJW96204','Voonder','1982-03-06',100,3.873,'A','2022-03-06',452.656,459.353,437.028,-59.866,3.888,'B','INR',2),(966,'HCA574','Bubbletube','1991-03-18',100,2.457,'Q','2031-03-18',228.863,238.278,217.81,6.275,2.463,'A','USD',2),(967,'HFJX654','Vidoo','1987-06-01',100,3.757,'Q','2027-06-01',201.455,204.448,199.459,-1.98,3.771,'A','USD',3),(968,'IELC916','Yabox','1997-02-17',100,1.79,'Q','2037-02-17',417.451,432.73,403.348,61.509,1.793,'AAA','EUR',2),(969,'VDEG732','Skyba','1985-02-07',100,2.93,'A','2025-02-07',461.328,475.16,441.424,27.275,2.939,'B','EUR',3),(970,'UDB6431','Dynava','1997-09-15',100,2.756,'S','2037-09-15',290.625,294.493,284.038,0.075,2.764,'CC','INR',2),(971,'YCXAV22601','Skyble','2006-04-16',100,3.842,'A','2046-04-16',21.142,22.293,20.695,-5.577,3.857,'A','USD',3),(972,'EOY9620','Realfire','1993-10-05',100,0.792,'S','2033-10-05',82.645,84.409,77.623,-0.108,0.793,'A','GBP',3),(973,'HKJMQ776','Tazz','1986-10-18',100,3.652,'S','2026-10-18',394.222,408.774,379.669,-0.543,3.665,'AAA','EUR',2),(974,'LVASY2010','Pixope','2010-01-06',100,1.573,'S','2050-01-06',462.007,462.191,452.993,72.033,1.575,'AA','INR',2),(975,'STAF35113','Yakijo','1990-06-22',100,1.672,'A','2030-06-22',213.785,214.494,213.25,8.419,1.675,'A','GBP',3),(976,'NYIUC00182','Pixoboo','1990-05-08',100,0.359,'Q','2030-05-08',234.49,250.331,227.701,18.733,0.359,'B','USD',3),(977,'SHG062372','Photobug','1996-08-02',100,3.007,'S','2036-08-02',73.589,73.764,73.498,0.211,3.016,'B','EUR',3),(978,'QEZ63051','Blogtags','1991-02-14',100,4.525,'S','2031-02-14',279.673,306.627,277.007,0.478,4.545,'BBB','GBP',3),(979,'EQR4744','Zoombeat','2007-07-06',100,2.565,'S','2047-07-06',334.161,353.684,332.463,-21.745,2.572,'CCB','EUR',3),(980,'RUL75474','Yoveo','1984-03-04',100,0.062,'A','2024-03-04',50.54,50.903,50.287,0.754,0.062,'BB','GBP',3),(981,'TBNL1240','Linkbuzz','1998-09-05',100,3.869,'Q','2038-09-05',287.754,290.215,286.181,-14.73,3.884,'CCC','INR',2),(982,'EBJIY4175','Divavu','2007-10-14',100,4.638,'S','2047-10-14',33.756,35.613,32.465,-1.022,4.66,'A','EUR',2),(983,'VRCM37998','Youtags','1992-11-02',100,2.32,'S','2032-11-02',440.61,447.244,433.424,4.191,2.325,'BBB','GBP',2),(984,'YGEK89841','Twitterwire','2002-02-20',100,2.404,'Q','2042-02-20',25.564,25.927,24.828,0.837,2.41,'AA','INR',3),(985,'ORQ298','Skinte','2003-03-17',100,0.154,'Q','2043-03-17',349.803,353.428,337.665,-14.549,0.154,'CC','GBP',3),(986,'JYPH89362','Teklist','2004-08-05',100,4.942,'Q','2044-08-05',384.397,385.303,384.224,7.597,4.966,'BB','USD',2),(987,'XDKRH758','Agivu','2003-11-20',100,4.266,'S','2043-11-20',130.406,130.55,130.393,-6.791,4.284,'BBB','EUR',2),(988,'MVI76479','Quaxo','1995-11-03',100,4.204,'S','2035-11-03',232.627,233.067,232.251,8.779,4.222,'B','INR',2),(989,'PWJI891258','Flipstorm','1999-05-26',100,4.354,'S','2039-05-26',454.075,475.157,430.302,11.835,4.373,'B','EUR',2),(990,'NDJTY2796','Voolith','1998-05-28',100,2.566,'S','2038-05-28',262.921,282.235,261.011,-44.41,2.573,'A','USD',2),(991,'ZDN440','Tagchat','2000-03-30',100,0.096,'Q','2040-03-30',46.008,47.25,43.801,5.696,0.096,'AA','EUR',2),(992,'GAJ15452','Teklist','2009-12-20',100,0.036,'Q','2049-12-20',106.318,110.456,103.066,0.451,0.036,'BBB','USD',2),(993,'ZPXCE3387','Kazu','2008-09-29',100,2.533,'Q','2048-09-29',53.788,54.389,53.769,11.357,2.539,'CCB','EUR',3),(994,'BVA26431','Youfeed','1997-06-08',100,0.732,'A','2037-06-08',48.658,49.1,46.336,1.23,0.733,'B','INR',2),(995,'DSZB953','Omba','2000-10-28',100,2.293,'S','2040-10-28',461.857,488.053,460.478,4.897,2.298,'CC','GBP',2),(996,'NLBT9952','Gabspot','1982-12-08',100,0.261,'A','2022-12-08',84.205,88.378,81.423,7.233,0.261,'CCB','EUR',2),(997,'NVH0670','Devcast','1988-08-04',100,0.079,'Q','2028-08-04',247.728,247.755,245.054,-6.979,0.079,'CCB','EUR',2),(998,'SAW27568','Mudo','1984-07-09',100,0.491,'A','2024-07-09',151.326,156.855,149.483,0.715,0.491,'CC','GBP',2),(999,'ZHR4923','Rhynoodle','1981-09-11',100,0.35,'Q','2021-09-11',364.514,378.3,342.021,-27.143,0.35,'BBB','INR',3),(1000,'EKU8047','Zoomdog','2000-10-09',100,3.408,'Q','2040-10-09',464.005,466.129,459.883,30.215,3.42,'BBB','INR',2);
/*!40000 ALTER TABLE `ebond` ENABLE KEYS */;
UNLOCK TABLES;

--
-- Table structure for table `employees`
--

DROP TABLE IF EXISTS `employees`;
/*!40101 SET @saved_cs_client     = @@character_set_client */;
/*!40101 SET character_set_client = utf8 */;
CREATE TABLE `employees` (
  `EmployeeID` int(11) NOT NULL AUTO_INCREMENT,
  `Name` varchar(50) NOT NULL,
  `Salary` double NOT NULL,
  `Region` varchar(50) NOT NULL,
  PRIMARY KEY (`EmployeeID`)
) ENGINE=InnoDB AUTO_INCREMENT=10 DEFAULT CHARSET=utf8;
/*!40101 SET character_set_client = @saved_cs_client */;

--
-- Dumping data for table `employees`
--

LOCK TABLES `employees` WRITE;
/*!40000 ALTER TABLE `employees` DISABLE KEYS */;
INSERT INTO `employees` VALUES (1,'Andy',25000,'South Wales'),(2,'Claire',37000,'Kent'),(3,'Mary',42000,'London'),(4,'Mungo',47000,'Cumbria'),(5,'Midge',72000,'Scotland'),(6,'Hayley',69000,'Northern Ireland'),(7,'Nicki',22000,'Kent'),(8,'Sara',11000,'Kent'),(9,'Fiona',88000,'Kent');
/*!40000 ALTER TABLE `employees` ENABLE KEYS */;
UNLOCK TABLES;

--
-- Table structure for table `persons`
--

DROP TABLE IF EXISTS `persons`;
/*!40101 SET @saved_cs_client     = @@character_set_client */;
/*!40101 SET character_set_client = utf8 */;
CREATE TABLE `persons` (
  `PersonID` int(11) NOT NULL AUTO_INCREMENT,
  `FirstName` varchar(50) NOT NULL,
  `LastName` varchar(50) NOT NULL,
  `Address1` varchar(50) NOT NULL,
  `Address2` varchar(50) NOT NULL,
  `Address3` varchar(50) NOT NULL,
  PRIMARY KEY (`PersonID`)
) ENGINE=InnoDB AUTO_INCREMENT=4 DEFAULT CHARSET=utf8;
/*!40101 SET character_set_client = @saved_cs_client */;

--
-- Dumping data for table `persons`
--

LOCK TABLES `persons` WRITE;
/*!40000 ALTER TABLE `persons` DISABLE KEYS */;
INSERT INTO `persons` VALUES (1,'John','Smith','1 Main St','Weston','Bath'),(2,'Jane','Evans','2 High St','Newton','Neath'),(3,'Bill','Jones','3 Oaks St','Denton','Leeds');
/*!40000 ALTER TABLE `persons` ENABLE KEYS */;
UNLOCK TABLES;

--
-- Table structure for table `products`
--

DROP TABLE IF EXISTS `products`;
/*!40101 SET @saved_cs_client     = @@character_set_client */;
/*!40101 SET character_set_client = utf8 */;
CREATE TABLE `products` (
  `ProductID` int(11) NOT NULL AUTO_INCREMENT,
  `CategoryID` int(11) NOT NULL,
  `ProductName` varchar(50) NOT NULL,
  `UnitPrice` double NOT NULL,
  `UnitsInStock` int(11) NOT NULL,
  `ReorderLevel` int(11) DEFAULT NULL,
  PRIMARY KEY (`ProductID`)
) ENGINE=InnoDB AUTO_INCREMENT=14 DEFAULT CHARSET=utf8;
/*!40101 SET character_set_client = @saved_cs_client */;

--
-- Dumping data for table `products`
--

LOCK TABLES `products` WRITE;
/*!40000 ALTER TABLE `products` DISABLE KEYS */;
INSERT INTO `products` VALUES (1,1,'Swansea City jersey',45,1000,200),(2,1,'Cardiff City jersey',42,800,150),(3,1,'Ski boots',175,10,2),(4,2,'65 inch UHD TV',1800,5,2),(5,2,'BluRay recorder',200,10,4),(6,2,'Portable fridge',350,3,1),(7,3,'Beer',2.5,500,100),(8,3,'Crisps',1.5,2000,200),(9,3,'Ice cream',4.4,200,25),(10,4,'Sofa',750,5,1),(11,4,'Coffee table',250,5,1),(12,5,'Bugatti',1000000,2,1),(13,5,'Merc',37000,20,5);
/*!40000 ALTER TABLE `products` ENABLE KEYS */;
UNLOCK TABLES;

--
-- Table structure for table `skills`
--

DROP TABLE IF EXISTS `skills`;
/*!40101 SET @saved_cs_client     = @@character_set_client */;
/*!40101 SET character_set_client = utf8 */;
CREATE TABLE `skills` (
  `SkillID` int(11) NOT NULL AUTO_INCREMENT,
  `EmployeeID` int(11) DEFAULT NULL,
  `Description` varchar(50) NOT NULL,
  `Level` int(11) DEFAULT '5',
  PRIMARY KEY (`SkillID`)
) ENGINE=InnoDB AUTO_INCREMENT=11 DEFAULT CHARSET=utf8;
/*!40101 SET character_set_client = @saved_cs_client */;

--
-- Dumping data for table `skills`
--

LOCK TABLES `skills` WRITE;
/*!40000 ALTER TABLE `skills` DISABLE KEYS */;
INSERT INTO `skills` VALUES (1,1,'Football',5),(2,1,'Skiing',3),(3,1,'Running',3),(4,2,'Sales',4),(5,2,'Skiing',4),(6,2,'Football',4),(7,3,'Maths',5),(8,3,'Singing',4),(9,3,'Teaching',5),(10,3,'Running',2);
/*!40000 ALTER TABLE `skills` ENABLE KEYS */;
UNLOCK TABLES;

--
-- Table structure for table `user`
--

DROP TABLE IF EXISTS `user`;
/*!40101 SET @saved_cs_client     = @@character_set_client */;
/*!40101 SET character_set_client = utf8 */;
CREATE TABLE `user` (
  `accountId` int(11) NOT NULL AUTO_INCREMENT,
  `name` varchar(45) NOT NULL,
  `userName` varchar(45) NOT NULL,
  `password` varchar(45) NOT NULL,
  PRIMARY KEY (`accountId`),
  UNIQUE KEY `loginId_UNIQUE` (`userName`)
) ENGINE=InnoDB AUTO_INCREMENT=12 DEFAULT CHARSET=utf8;
/*!40101 SET character_set_client = @saved_cs_client */;

--
-- Dumping data for table `user`
--

LOCK TABLES `user` WRITE;
/*!40000 ALTER TABLE `user` DISABLE KEYS */;
INSERT INTO `user` VALUES (1,'Jon','jon123','password'),(2,'Shashwat','sh123','helloWorld'),(3,'Hammad','ham123','mypass'),(4,'Saransh','sr123','sr123'),(5,'Amruta','amruta','amruta'),(6,'newUser','user','user'),(7,'deepika','deepika','deepika'),(9,'abc','abcd','abcd'),(10,'sreenu','sreenu_roxx','1234'),(11,'Ramesh','ramu','ramu_r');
/*!40000 ALTER TABLE `user` ENABLE KEYS */;
UNLOCK TABLES;

--
-- Dumping events for database 'mydatabase'
--

--
-- Dumping routines for database 'mydatabase'
--
/*!40103 SET TIME_ZONE=@OLD_TIME_ZONE */;

/*!40101 SET SQL_MODE=@OLD_SQL_MODE */;
/*!40014 SET FOREIGN_KEY_CHECKS=@OLD_FOREIGN_KEY_CHECKS */;
/*!40014 SET UNIQUE_CHECKS=@OLD_UNIQUE_CHECKS */;
/*!40101 SET CHARACTER_SET_CLIENT=@OLD_CHARACTER_SET_CLIENT */;
/*!40101 SET CHARACTER_SET_RESULTS=@OLD_CHARACTER_SET_RESULTS */;
/*!40101 SET COLLATION_CONNECTION=@OLD_COLLATION_CONNECTION */;
/*!40111 SET SQL_NOTES=@OLD_SQL_NOTES */;

-- Dump completed on 2016-07-16 10:57:36
